{
  "metadata": {
    "document_id": "first_direct_apr",
    "parsed_at": "28-04-2023",
    "number_of_pages": 3
  },
  "pages": [
    {
      "forms": [
        {
          "sort_code": "40-47-64"
        },
        {
          "account_number": "55504864"
        },
        {
          "customer_name": "Mr Jake Charles Holmes"
        },
        {
          "start_balance": "£352.19"
        },
        {
          "money_in": "£2,054.81"
        },
        {
          "money_out": "£1,913.10"
        },
        {
          "end_balance": "£493.90"
        },
        {
          "overdraft_limit": "£250.00"
        }
      ],
      "tables": [
        {
          "table_header": "Your 1st Account details",
          "data": [
            {
              "date": "28 Mar 23",
              "description": "Balance brought forward",
              "money_in": null,
              "money_out": null,
              "balance": "352.19"
            },
            {
              "date": "30 Mar 23",
              "description": "DD PLUM",
              "money_in": null,
              "money_out": "14.41",
              "balance": "337.78"
            },
            {
              "date": "30 Mar 23",
              "description": "OBP TESCO BANK\n518652******7998",
              "money_in": null,
              "money_out": "41.15",
              "balance": "296.63"
            },
            {
              "date": "03 Apr 23",
              "description": "DD LEGACY LEISURE",
              "money_in": null,
              "money_out": "26.00",
              "balance": "270.63"
            },
            {
              "date": "03 Apr 23",
              "description": "DD DVLA-RV56MYB",
              "money_in": null,
              "money_out": "19.25",
              "balance": "270.63"
            },
            {
              "date": "03 Apr 23",
              "description": "CR J HOLMES\nCAR",
              "money_in": "19.25",
              "money_out": null,
              "balance": "270.63"
            },
            {
              "date": "05 Apr 23",
              "description": "DD PAYPAL PAYMENT",
              "money_in": null,
              "money_out": "1.99",
              "balance": "268.64"
            },
            {
              "date": "06 Apr 23",
              "description": "DD PLUM",
              "money_in": null,
              "money_out": "10.73",
              "balance": "257.91"
            },
            {
              "date": "06 Apr 23",
              "description": "DD PAYPAL PAYMENT",
              "money_in": null,
              "money_out": "9.98",
              "balance": "247.93"
            },
            {
              "date": "11 Apr 23",
              "description": "BOOTS 1981\nMARYLEBONE ST",
              "money_in": null,
              "money_out": "0.90",
              "balance": "247.03"
            },
            {
              "date": "12 Apr 23",
              "description": "DD PAYPAL PAYMENT",
              "money_in": null,
              "money_out": "1.59",
              "balance": "245.44"
            },
            {
              "date": "12 Apr 23",
              "description": "OBP TESCO BANK\n518652******7998",
              "money_in": null,
              "money_out": "211.57",
              "balance": "33.87"
            },
            {
              "date": "12 Apr 23",
              "description": "MAS TESCO PAY AT PUMP\nBICESTER",
              "money_in": null,
              "money_out": "25.82",
              "balance": "8.05"
            },
            {
              "date": "13 Apr 23",
              "description": "DD PLUM",
              "money_in": null,
              "money_out": "14.06",
              "balance": "-6.01"
            },
            {
              "date": "14 Apr 23",
              "description": "DD PAYPAL PAYMENT",
              "money_in": null,
              "money_out": "9.99",
              "balance": "-16.00"
            },
            {
              "date": "14 Apr 23",
              "description": "OBP TESCO BANK\n518652******7998",
              "money_in": null,
              "money_out": "17.04",
              "balance": "-33.04"
            }
          ]
        }
      ]
    },
    {
      "forms": [],
      "tables": [
        {
          "table_header": "Your 1st Account details",
          "data": [
            {
              "date": "18 Apr 23",
              "description": "DD O2",
              "money_in": null,
              "money_out": "24.78",
              "balance": "-57.82"
            },
            {
              "date": "18 Apr 23",
              "description": "DD PAYPAL PAYMENT",
              "money_in": null,
              "money_out": "16.24",
              "balance": "-74.06"
            },
            {
              "date": "18 Apr 23",
              "description": "MAS INT'L 0652950423\nAPPLE.COM/BILL\n08001076285",
              "money_in": null,
              "money_out": "2.49",
              "balance": "-76.55"
            },
            {
              "date": "27 Apr 23",
              "description": "MAS INT'L 0663139336\nAPPLE.COM/BILL\nAPPLE.COM/BIL",
              "money_in": null,
              "money_out": "9.99",
              "balance": "-86.54"
            },
            {
              "date": "28 Apr 23",
              "description": "CR HIYACAR LIMITED F\nSALARY",
              "money_in": "2035.56",
              "money_out": null,
              "balance": "1949.02"
            },
            {
              "date": "28 Apr 23",
              "description": "OBP TESCO BANK\n518652******7998",
              "money_in": null,
              "money_out": "155.12",
              "balance": "1793.90"
            },
            {
              "date": "28 Apr 23",
              "description": "BP JAKE HOLMES\nMONZO",
              "money_in": null,
              "money_out": "600.00",
              "balance": "1193.90"
            },
            {
              "date": "28 Apr 23",
              "description": "BP Jake Bonds\n413370716",
              "money_in": null,
              "money_out": "700.00",
              "balance": "493.90"
            },
            {
              "date": "28 Apr 23",
              "description": "End balance",
              "money_in": null,
              "money_out": null,
              "balance": "493.90"
            }
          ]
        }
      ]
    },
    {
      "forms": [],
      "tables": []
    }
  ]
}
