{
  "metadata": {
    "document_id": "first_direct_mar",
    "parsed_at": "2023-03-28",
    "number_of_pages": 3
  },
  "pages": [
    {
      "forms": [
        {
          "sort_code": "40-47-64"
        },
        {
          "account_number": "55504864"
        },
        {
          "customer_name": "Mr Jake Charles Holmes"
        },
        {
          "start_balance": "£440.93"
        },
        {
          "money_in": "£2,214.41"
        },
        {
          "money_out": "£2,303.15"
        },
        {
          "end_balance": "£352.19"
        },
        {
          "overdraft_limit": "£250.00"
        }
      ],
      "tables": [
        {
          "table_header": "Your 1st Account details",
          "data": [
            {
              "date": "01 Mar 23",
              "description": "DD LEGACY LEISURE",
              "money_in": null,
              "money_out": "26.00",
              "balance": null
            },
            {
              "date": "01 Mar 23",
              "description": "DD DVLA-RV56MYB",
              "money_in": null,
              "money_out": "19.25",
              "balance": null
            },
            {
              "date": "01 Mar 23",
              "description": "CR PAYPAL\nPPWDL4HXJ22232BJNE",
              "money_in": "64.00",
              "money_out": null,
              "balance": "459.68"
            },
            {
              "date": "02 Mar 23",
              "description": "DD PLUM",
              "money_in": null,
              "money_out": "14.81",
              "balance": null
            },
            {
              "date": "02 Mar 23",
              "description": "ATM CASH LTS1    MAR02\nHFX  BICESTE@08.25",
              "money_in": null,
              "money_out": "100.00",
              "balance": "344.87"
            },
            {
              "date": "03 Mar 23",
              "description": "DD PAYPAL PAYMENT",
              "money_in": null,
              "money_out": "1.99",
              "balance": null
            },
            {
              "date": "03 Mar 23",
              "description": "CR J HOLMES\nCAR",
              "money_in": "19.25",
              "money_out": null,
              "balance": "362.13"
            },
            {
              "date": "05 Mar 23",
              "description": "CR THORNELOE M V\nTRAVEL",
              "money_in": "100.00",
              "money_out": null,
              "balance": "462.13"
            },
            {
              "date": "08 Mar 23",
              "description": "DD PAYPAL PAYMENT",
              "money_in": null,
              "money_out": "1.59",
              "balance": null
            },
            {
              "date": "08 Mar 23",
              "description": "DD PAYPAL PAYMENT",
              "money_in": null,
              "money_out": "9.98",
              "balance": "450.56"
            },
            {
              "date": "09 Mar 23",
              "description": "DD PLUM",
              "money_in": null,
              "money_out": "12.86",
              "balance": null
            },
            {
              "date": "09 Mar 23",
              "description": "OBP TESCO BANK\n518652******7998",
              "money_in": null,
              "money_out": "422.50",
              "balance": "15.20"
            },
            {
              "date": "15 Mar 23",
              "description": "DD PAYPAL PAYMENT",
              "money_in": null,
              "money_out": "9.99",
              "balance": "5.21"
            },
            {
              "date": "16 Mar 23",
              "description": "DD PAYPAL PAYMENT",
              "money_in": null,
              "money_out": "16.24",
              "balance": null
            },
            {
              "date": "16 Mar 23",
              "description": "DD PAYPAL PAYMENT",
              "money_in": null,
              "money_out": "69.62",
              "balance": "-80.65"
            }
          ]
        }
      ]
    },
    {
      "forms": [],
      "tables": [
        {
          "table_header": "Your 1st Account details",
          "data": [
            {
              "date": "17 Mar 23",
              "description": "MAS EXPERIAN UK\nWWW.EXPERIAN.",
              "money_in": null,
              "money_out": "10.00",
              "balance": null
            },
            {
              "date": "17 Mar 23",
              "description": "MAS INT'L 0615802072\nAPPLE.COM/BILL\n08001076285",
              "money_in": null,
              "money_out": "2.49",
              "balance": "-73.14"
            },
            {
              "date": "20 Mar 23",
              "description": "DD O2",
              "money_in": null,
              "money_out": "21.86",
              "balance": null
            },
            {
              "date": "20 Mar 23",
              "description": "DD PAYPAL PAYMENT",
              "money_in": null,
              "money_out": "49.99",
              "balance": null
            },
            {
              "date": "20 Mar 23",
              "description": "MAS INT'L 0619419166\nAPPLE.COM/BILL\nAPPLE.COM/BIL",
              "money_in": null,
              "money_out": "6.99",
              "balance": "-151.98"
            },
            {
              "date": "21 Mar 23",
              "description": "MAS PureGym Limited\nLeeds",
              "money_in": null,
              "money_out": "16.99",
              "balance": "-168.97"
            },
            {
              "date": "27 Mar 23",
              "description": "CR HIYACAR LIMITED F\nSALARY",
              "money_in": "2021.16",
              "money_out": null,
              "balance": "1852.19"
            },
            {
              "date": "28 Mar 23",
              "description": "BP JAKE HOLMES\nMONZO",
              "money_in": null,
              "money_out": "1500.00",
              "balance": "352.19"
            },
            {
              "date": "28 Mar 23",
              "description": "End balance",
              "money_in": null,
              "money_out": null,
              "balance": "352.19"
            }
          ]
        }
      ]
    },
    {
      "forms": [],
      "tables": []
    }
  ]
}
