{
  "metadata": {
    "document_id": "first_direct_may",
    "parsed_at": "2023-05-28", 
    "number_of_pages": 3
  },
  "pages": [
    {
      "forms": [
        {
          "sort_code": "40-47-64"
        },
        {
          "account_number": "55504864"
        },
        {
          "customer_name": "Mr Jake Charles Holmes"
        },
        {
          "start_balance": "£493.90"
        },
        {
          "money_in": "£4,037.23"
        },
        {
          "money_out": "£3,983.75"
        },
        {
          "end_balance": "£547.38"
        },
        {
          "overdraft_limit": "£250.00"
        }
      ],
      "tables": [
        {
          "table_header": "Your 1st Account details",
          "data": [
            {
              "date": "28 Apr 23",
              "description": "Balance brought forward",
              "money_in": null,
              "money_out": null,
              "balance": "493.90"
            },
            {
              "date": "02 May 23",
              "description": "DD LEGACY LEISURE",
              "money_in": null,
              "money_out": "26.00",
              "balance": null
            },
            {
              "date": "02 May 23", 
              "description": "DD DVLA-RV56MYB",
              "money_in": null,
              "money_out": "19.25",
              "balance": null
            },
            {
              "date": "02 May 23",
              "description": "TESCO STORES 4480\nBICESTER",
              "money_in": null,
              "money_out": "0.90",
              "balance": "447.75"
            },
            {
              "date": "03 May 23",
              "description": "DD PURE GYM LTD\nFIRST PAYMENT",
              "money_in": null,
              "money_out": "16.99",
              "balance": null
            },
            {
              "date": "03 May 23",
              "description": "CR J HOLMES\nCAR",
              "money_in": "19.25",
              "money_out": null,
              "balance": "450.01"
            },
            {
              "date": "04 May 23",
              "description": "DD PLUM",
              "money_in": null,
              "money_out": "12.59",
              "balance": null
            },
            {
              "date": "04 May 23",
              "description": "DD PAYPAL PAYMENT",
              "money_in": null,
              "money_out": "1.99",
              "balance": "435.43"
            },
            {
              "date": "09 May 23",
              "description": "DD PAYPAL PAYMENT",
              "money_in": null,
              "money_out": "9.98",
              "balance": null
            },
            {
              "date": "09 May 23",
              "description": "OBP TESCO BANK\n518652******7998",
              "money_in": null,
              "money_out": "205.18",
              "balance": "220.27"
            },
            {
              "date": "10 May 23",
              "description": "CR OSTT\nOSTT",
              "money_in": "183.36",
              "money_out": null,
              "balance": "403.63"
            },
            {
              "date": "11 May 23",
              "description": "DD PLUM",
              "money_in": null,
              "money_out": "13.77",
              "balance": null
            },
            {
              "date": "11 May 23",
              "description": "DD PAYPAL PAYMENT",
              "money_in": null,
              "money_out": "1.59",
              "balance": "388.27"
            },
            {
              "date": "12 May 23",
              "description": "OBP TESCO BANK\n518652******7998",
              "money_in": null,
              "money_out": "250.00",
              "balance": "138.27"
            },
            {
              "date": "15 May 23",
              "description": "MAS INT'L 0684485518\nAPPLE.COM/BILL\n08001076285",
              "money_in": null,
              "money_out": "6.66",
              "balance": "131.61"
            },
            {
              "date": "16 May 23",
              "description": "DD PAYPAL PAYMENT",
              "money_in": null,
              "money_out": "9.99",
              "balance": null
            },
            {
              "date": "16 May 23",
              "description": "DD PAYPAL PAYMENT",
              "money_in": null,
              "money_out": "15.99",
              "balance": null
            },
            {
              "date": "16 May 23",
              "description": "DD PAYPAL PAYMENT",
              "money_in": null,
              "money_out": "15.99",
              "balance": null
            },
            {
              "date": "16 May 23",
              "description": "DD PAYPAL PAYMENT",
              "money_in": null,
              "money_out": "29.27",
              "balance": "60.37"
            },
            {
              "date": "17 May 23",
              "description": "DD PAYPAL PAYMENT",
              "money_in": null,
              "money_out": "16.24",
              "balance": "44.13"
            }
          ]
        }
      ]
    },
    {
      "forms": [],
      "tables": [
        {
          "table_header": "Your 1st Account details",
          "data": [
            {
              "date": "18 May 23",
              "description": "DD PLUM",
              "money_in": null,
              "money_out": "6.58",
              "balance": null
            },
            {
              "date": "18 May 23",
              "description": "DD O2",
              "money_in": null,
              "money_out": "24.78",
              "balance": "12.77"
            },
            {
              "date": "19 May 23",
              "description": "CR PAYPAL\nPPWDL4HXJ22252Y2SU",
              "money_in": "15.99",
              "money_out": null,
              "balance": "28.76"
            },
            {
              "date": "23 May 23",
              "description": "OBP TESCO BANK\n518652******7998",
              "money_in": null,
              "money_out": "173.35",
              "balance": "-144.59"
            },
            {
              "date": "25 May 23",
              "description": "DD PLUM",
              "money_in": null,
              "money_out": "2.37",
              "balance": null
            },
            {
              "date": "25 May 23",
              "description": "CR HIYACAR LIMITED F\nSALARY",
              "money_in": "2318.63",
              "money_out": null,
              "balance": null
            },
            {
              "date": "25 May 23",
              "description": "BP Jake Bonds\n413370716",
              "money_in": null,
              "money_out": "1000.00",
              "balance": null
            },
            {
              "date": "25 May 23",
              "description": "BP JAKE HOLMES\nMONZO",
              "money_in": null,
              "money_out": "400.00",
              "balance": null
            },
            {
              "date": "25 May 23",
              "description": "OBP TESCO BANK\n518652******7998",
              "money_in": null,
              "money_out": "224.29",
              "balance": "547.38"
            },
            {
              "date": "28 May 23",
              "description": "CR Jake Holmes",
              "money_in": "1500.00",
              "money_out": null,
              "balance": null
            },
            {
              "date": "28 May 23",
              "description": "BP Jake Bonds\n413370716",
              "money_in": null,
              "money_out": "1500.00",
              "balance": "547.38"
            },
            {
              "date": "28 May 23",
              "description": "End balance",
              "money_in": null,
              "money_out": null,
              "balance": "547.38"
            }
          ]
        }
      ]
    },
    {
      "forms": [],
      "tables": []
    }
  ]
}
