{
  "metadata": {
    "document_id": "barclays_march", 
    "parsed_at": "2023-03-31",
    "number_of_pages": 5
  },
  "pages": [
    {
      "forms": [
        {
          "sort_code": "20-44-51"
        },
        {
          "account_number": "83254534"
        },
        {
          "customer_name": "Miss Meghan Victoria Thorneloe"
        },
        {
          "start_balance": "£36.30"
        },
        {
          "money_in": "£667.92"
        },
        {
          "money_out": "£659.98"
        },
        {
          "end_balance": "£44.24"
        }
      ],
      "tables": [
        {
          "table_header": "Your transactions",
          "data": [
            {
              "date": "01 Mar",
              "description": "Start balance",
              "money_in": null,
              "money_out": null,
              "balance": "36.30"
            },
            {
              "date": "01 Mar", 
              "description": "Transfer to Sort Code 20-44-51Account 13415759\nRef: Mobile-Channel",
              "money_in": null,
              "money_out": "24.00",
              "balance": "12.30"
            },
            {
              "date": "01 Mar",
              "description": "Bill Payment From Thorneloe E JRef: Food",
              "money_in": "24.00",
              "money_out": null,
              "balance": "36.30"
            },
            {
              "date": "02 Mar",
              "description": "Card Payment to Protein Works On\n01 Mar",
              "money_in": null,
              "money_out": "3.96",
              "balance": "32.34"
            },
            {
              "date": "02 Mar",
              "description": "Transfer to Sort Code 20-44-51Account 13415759\nRef: Mobile-Channel",
              "money_in": null,
              "money_out": "23.00",
              "balance": "9.34"
            },
            {
              "date": "02 Mar",
              "description": "Received From S OakleyRef: Water 2",
              "money_in": "23.33",
              "money_out": null,
              "balance": "32.67"
            },
            {
              "date": "06 Mar",
              "description": "Card Payment to Headingley Taps\nOn 04 Mar",
              "money_in": null,
              "money_out": "0.60",
              "balance": "32.07"
            },
            {
              "date": "06 Mar",
              "description": "Card Payment to Original Oak On\n04 Mar",
              "money_in": null,
              "money_out": "1.20",
              "balance": "30.87"
            },
            {
              "date": "06 Mar",
              "description": "Card Payment to Poco On 04 Mar",
              "money_in": null,
              "money_out": "2.50",
              "balance": "28.37"
            },
            {
              "date": "06 Mar",
              "description": "Card Payment to Tesco Stores 5628\nOn 05 Mar",
              "money_in": null,
              "money_out": "3.35",
              "balance": "25.02"
            },
            {
              "date": "06 Mar",
              "description": "Card Payment to Poco On 04 Mar",
              "money_in": null,
              "money_out": "8.00",
              "balance": "17.02"
            },
            {
              "date": "06 Mar",
              "description": "Card Payment to LA Cafetiere On 04\nMar",
              "money_in": null,
              "money_out": "10.00",
              "balance": "7.02"
            }
          ]
        }
      ]
    },
    {
      "forms": [],
      "tables": [
        {
          "table_header": "Your Transactions",
          "data": [
            {
              "date": "06 Mar",
              "description": "Transfer to Sort Code 20-44-51Account 13415759\nRef: Mobile-Channel",
              "money_in": null,
              "money_out": "23.00",
              "balance": "-15.98"
            },
            {
              "date": "06 Mar",
              "description": "Bill Payment to Jake HolmesRef: Travel",
              "money_in": null,
              "money_out": "100.00",
              "balance": "-115.98"
            },
            {
              "date": "06 Mar",
              "description": "Received From Copse S JRef: Water",
              "money_in": "23.33",
              "money_out": null,
              "balance": "-92.65"
            },
            {
              "date": "06 Mar",
              "description": "Transfer From Sort Code 20-44-51Account 13415759\nRef: Mobile-Channel",
              "money_in": "60.00",
              "money_out": null,
              "balance": "-32.65"
            },
            {
              "date": "06 Mar",
              "description": "Transfer From Sort Code 20-44-51Account 13415759\nRef: Mobile-Channel",
              "money_in": "100.00",
              "money_out": null,
              "balance": "67.35"
            },
            {
              "date": "07 Mar",
              "description": "Card Payment to Ltt Vending Limite\nOn 06 Mar",
              "money_in": null,
              "money_out": "1.50",
              "balance": "65.85"
            },
            {
              "date": "08 Mar",
              "description": "Card Payment to Avo On 07 Mar",
              "money_in": null,
              "money_out": "6.50",
              "balance": "59.35"
            },
            {
              "date": "08 Mar",
              "description": "Bill Payment to E J ThorneloeRef: Food",
              "money_in": null,
              "money_out": "16.00",
              "balance": "43.35"
            },
            {
              "date": "09 Mar",
              "description": "Card Payment to Superpedestrian\nOn 08 Mar",
              "money_in": null,
              "money_out": "1.70",
              "balance": "41.65"
            },
            {
              "date": "09 Mar",
              "description": "Card Payment to Superpedestrian\nOn 08 Mar",
              "money_in": null,
              "money_out": "3.10",
              "balance": "38.55"
            },
            {
              "date": "09 Mar",
              "description": "Card Payment to 200 Degrees On\n08 Mar",
              "money_in": null,
              "money_out": "6.95",
              "balance": "31.60"
            },
            {
              "date": "10 Mar",
              "description": "Bill Payment to E J ThorneloeRef: Mothers Day",
              "money_in": null,
              "money_out": "24.00",
              "balance": "7.60"
            },
            {
              "date": "13 Mar",
              "description": "Card Payment to London Theatre\nDir On 12 Mar",
              "money_in": null,
              "money_out": "53.00",
              "balance": "-45.40"
            },
            {
              "date": "13 Mar",
              "description": "Transfer to Sort Code 20-44-51Account 13415759\nRef: Mobile-Channel",
              "money_in": null,
              "money_out": "23.00",
              "balance": "-68.40"
            },
            {
              "date": "13 Mar",
              "description": "Transfer to Sort Code 20-44-51Account 13415759\nRef: Mobile-Channel",
              "money_in": null,
              "money_out": "23.00",
              "balance": "-91.40"
            },
            {
              "date": "13 Mar",
              "description": "Received From Price M JRef: Water",
              "money_in": "23.33",
              "money_out": null,
              "balance": "-68.07"
            },
            {
              "date": "13 Mar",
              "description": "Received From Lamees AliRef: Lamees",
              "money_in": "23.33",
              "money_out": null,
              "balance": "-44.74"
            },
            {
              "date": "13 Mar",
              "description": "Transfer From Sort Code 20-44-51Account 13415759\nRef: Mobile-Channel",
              "money_in": "52.00",
              "money_out": null,
              "balance": "7.26"
            },
            {
              "date": "13 Mar",
              "description": "Transfer From Sort Code 20-44-51Account 13415759\nRef: Mobile-Channel",
              "money_in": "53.00",
              "money_out": null,
              "balance": "60.26"
            },
            {
              "date": "14 Mar",
              "description": "Bill Payment to E J ThorneloeRef: Food",
              "money_in": null,
              "money_out": "2.85",
              "balance": "57.41"
            },
            {
              "date": "14 Mar",
              "description": "Bill Payment to E J ThorneloeRef: Food",
              "money_in": null,
              "money_out": "7.00",
              "balance": "50.41"
            },
            {
              "date": "15 Mar",
              "description": "Direct Debit to Paypal PaymentRef: 5YV22229Xjkke",
              "money_in": null,
              "money_out": "7.94",
              "balance": "42.47"
            }
          ]
        }
      ]
    },
    {
      "forms": [],
      "tables": [
        {
          "table_header": "Your transactions",
          "data": [
            {
              "date": "15 Mar",
              "description": "Direct Debit to Paypal PaymentRef: 5YV22229Xjkke",
              "money_in": null,
              "money_out": "44.46",
              "balance": "-1.99"
            },
            {
              "date": "15 Mar",
              "description": "Transfer From Sort Code 20-44-51Account 13415759\nRef: Mobile-Channel",
              "money_in": "10.00",
              "money_out": null,
              "balance": "8.01"
            },
            {
              "date": "20 Mar",
              "description": "Card Payment to Avo On 19 Mar",
              "money_in": null,
              "money_out": "2.80",
              "balance": "5.21"
            },
            {
              "date": "20 Mar",
              "description": "Transfer From Sort Code 20-44-51Account 13415759\nRef: Mobile-Channel",
              "money_in": "60.00",
              "money_out": null,
              "balance": "65.21"
            },
            {
              "date": "21 Mar",
              "description": "Card Payment to Paypal *BO and\nTee On 19 Mar",
              "money_in": null,
              "money_out": "25.00",
              "balance": "40.21"
            },
            {
              "date": "22 Mar",
              "description": "Card Payment to Treatwell On 21\nMar",
              "money_in": null,
              "money_out": "15.00",
              "balance": "25.21"
            },
            {
              "date": "22 Mar",
              "description": "Card Payment to Puregym Limited\nOn 21 Mar",
              "money_in": null,
              "money_out": "16.99",
              "balance": "8.22"
            },
            {
              "date": "22 Mar",
              "description": "Card Payment to Lounge\nUnderwear On 21 Mar",
              "money_in": null,
              "money_out": "58.50",
              "balance": "-50.28"
            },
            {
              "date": "22 Mar",
              "description": "Card Payment to Portland Coffee Co\nOn 21 Mar",
              "money_in": null,
              "money_out": "2.30",
              "balance": "-52.58"
            },
            {
              "date": "22 Mar",
              "description": "Bill Payment to E J ThorneloeRef: Food",
              "money_in": null,
              "money_out": "2.50",
              "balance": "-55.08"
            },
            {
              "date": "22 Mar",
              "description": "Transfer From Sort Code 20-44-51Account 13415759\nRef: Mobile-Channel",
              "money_in": "20.00",
              "money_out": null,
              "balance": "-35.08"
            },
            {
              "date": "22 Mar",
              "description": "Transfer From Sort Code 20-44-51Account 13415759\nRef: Mobile-Channel",
              "money_in": "20.00",
              "money_out": null,
              "balance": "-15.08"
            },
            {
              "date": "22 Mar",
              "description": "Transfer From Sort Code 20-44-51Account 13415759\nRef: Mobile-Channel",
              "money_in": "50.00",
              "money_out": null,
              "balance": "34.92"
            },
            {
              "date": "23 Mar",
              "description": "Card Payment to Trainline.Com On\n21 Mar",
              "money_in": null,
              "money_out": "13.99",
              "balance": "20.93"
            },
            {
              "date": "23 Mar",
              "description": "Transfer From Sort Code 20-44-51Account 13415759\nRef: Mobile-Channel",
              "money_in": "60.00",
              "money_out": null,
              "balance": "80.93"
            },
            {
              "date": "24 Mar",
              "description": "Card Payment to SP Aybl On 23 Mar",
              "money_in": null,
              "money_out": "66.24",
              "balance": "14.69"
            },
            {
              "date": "27 Mar",
              "description": "Card Payment to Tesco Stores 5628\nOn 24 Mar",
              "money_in": null,
              "money_out": "1.25",
              "balance": "13.44"
            },
            {
              "date": "27 Mar",
              "description": "Card Payment to Sainsburys S/Mkts\nOn 24 Mar",
              "money_in": null,
              "money_out": "2.00",
              "balance": "11.44"
            },
            {
              "date": "27 Mar",
              "description": "Card Payment to Tier Lounge Nottin\nOn 25 Mar",
              "money_in": null,
              "money_out": "6.00",
              "balance": "5.44"
            },
            {
              "date": "27 Mar",
              "description": "Card Payment to The Greek Grill HO\nOn 25 Mar",
              "money_in": null,
              "money_out": "7.00",
              "balance": "-1.56"
            },
            {
              "date": "27 Mar",
              "description": "Refund From Treatwell On 24 Mar",
              "money_in": "15.00",
              "money_out": null,
              "balance": "13.44"
            },
            {
              "date": "27 Mar",
              "description": "Transfer From Sort Code 20-44-51Account 13415759\nRef: Mobile-Channel",
              "money_in": "20.00",
              "money_out": null,
              "balance": "33.44"
            }
          ]
        }
      ]
    },
    {
      "forms": [],
      "tables": [
        {
          "table_header": "Your transactions",
          "data": [
            {
              "date": "28 Mar",
              "description": "Card Payment to Caffe Nero Notting\nOn 26 Mar",
              "money_in": null,
              "money_out": "3.65",
              "balance": "29.79"
            },
            {
              "date": "28 Mar",
              "description": "Card Payment to Lidl GB\nNottingham On 27 Mar",
              "money_in": null,
              "money_out": "14.20",
              "balance": "15.59"
            },
            {
              "date": "28 Mar",
              "description": "Bill Payment From Thorneloe E JRef: Food",
              "money_in": "3.60",
              "money_out": null,
              "balance": "19.19"
            },
            {
              "date": "31 Mar",
              "description": "Card Payment to Coates On 30 Mar",
              "money_in": null,
              "money_out": "1.95",
              "balance": "17.24"
            },
            {
              "date": "31 Mar",
              "description": "Refund From Lounge Underwear\nOn 30 Mar",
              "money_in": "27.00",
              "money_out": null,
              "balance": "44.24"
            },
            {
              "date": "31 Mar",
              "description": "End balance",
              "money_in": null,
              "money_out": null,
              "balance": "44.24"
            }
          ]
        }
      ]
    },
    {
      "forms": [],
      "tables": []
    }
  ]
}