{
  "metadata": {
    "document_id": "barclays_march_2", 
    "parsed_at": "2023-03-31",
    "number_of_pages": 5
  },
  "pages": [
    {
      "forms": [],
      "tables": []
    },
    {
      "forms": [
        {
          "sort_code": "20-44-51"
        },
        {
          "account_number": "13415759"
        },
        {
          "customer_name": "Miss Meghan Victoria Thorneloe"
        },
        {
          "start_balance": "-£195.38"
        },
        {
          "money_in": "£836.00"
        },
        {
          "money_out": "£566.90"
        },
        {
          "end_balance": "£73.72"
        },
        {
          "overdraft_limit": "£500"
        }
      ],
      "tables": [
        {
          "table_header": "Your transactions",
          "data": [
            {
              "date": "01 Mar",
              "description": "Start balance",
              "money_in": null,
              "money_out": null,
              "balance": "-195.38"
            },
            {
              "date": "01 Mar",
              "description": "Payment to Matthew PriceRef: Room Payment",
              "money_in": null,
              "money_out": "5.00",
              "balance": "303.62"
            },
            {
              "date": "01 Mar", 
              "description": "Account Credit: Deposit at B4 IpswichRef: Lingoda",
              "money_in": "480.00",
              "money_out": null,
              "balance": "303.62"
            },
            {
              "date": "01 Mar",
              "description": "Transfer From Sort Code 20-44-51Account 83254534\nRef: Mobile-Channel",
              "money_in": "24.00",
              "money_out": null,
              "balance": "303.62"
            },
            {
              "date": "02 Mar",
              "description": "Transfer From Sort Code 20-44-51Account 83254534\nRef: Mobile-Channel",
              "money_in": "23.00",
              "money_out": null,
              "balance": "326.62"
            },
            {
              "date": "06 Mar",
              "description": "Payment to Sam OakleyRef: Broadband",
              "money_in": null,
              "money_out": "6.00",
              "balance": "243.62"
            },
            {
              "date": "06 Mar",
              "description": "Transfer to Sort Code 20-44-51Account 83254534\nRef: Mobile-Channel",
              "money_in": null,
              "money_out": "60.00",
              "balance": "243.62"
            },
            {
              "date": "06 Mar",
              "description": "Transfer to Sort Code 20-44-51Account 83254534\nRef: Mobile-Channel",
              "money_in": null,
              "money_out": "100.00",
              "balance": "243.62"
            },
            {
              "date": "06 Mar",
              "description": "Received From Thorneloe C&CRef: From Mandd",
              "money_in": "60.00",
              "money_out": null,
              "balance": "243.62"
            },
            {
              "date": "06 Mar",
              "description": "Transfer From Sort Code 20-44-51Account 83254534\nRef: Mobile-Channel",
              "money_in": "23.00",
              "money_out": null,
              "balance": "243.62"
            },
            {
              "date": "08 Mar",
              "description": "Payment to Matthew PriceRef: Room Payment",
              "money_in": null,
              "money_out": "5.00",
              "balance": "238.62"
            }
          ]
        }
      ]
    },
    {
      "forms": [],
      "tables": [
        {
          "table_header": "Your Transactions",
          "data": [
            {
              "date": "13 Mar",
              "description": "Transfer to Sort Code 20-44-51Account 83254534\nRef: Mobile-Channel",
              "money_in": null,
              "money_out": "52.00",
              "balance": "239.62"
            },
            {
              "date": "13 Mar", 
              "description": "Transfer to Sort Code 20-44-51Account 83254534\nRef: Mobile-Channel",
              "money_in": null,
              "money_out": "53.00",
              "balance": "239.62"
            },
            {
              "date": "13 Mar",
              "description": "Received From Thorneloe C&CRef: From Mandd",
              "money_in": "60.00",
              "money_out": null,
              "balance": "239.62"
            },
            {
              "date": "13 Mar",
              "description": "Transfer From Sort Code 20-44-51Account 83254534\nRef: Mobile-Channel",
              "money_in": "23.00",
              "money_out": null,
              "balance": "239.62"
            },
            {
              "date": "13 Mar",
              "description": "Transfer From Sort Code 20-44-51Account 83254534\nRef: Mobile-Channel",
              "money_in": "23.00",
              "money_out": null,
              "balance": "239.62"
            },
            {
              "date": "15 Mar",
              "description": "Payment to Matthew PriceRef: Room Payment",
              "money_in": null,
              "money_out": "5.00",
              "balance": "224.62"
            },
            {
              "date": "15 Mar",
              "description": "Transfer to Sort Code 20-44-51Account 83254534\nRef: Mobile-Channel",
              "money_in": null,
              "money_out": "10.00",
              "balance": "224.62"
            },
            {
              "date": "20 Mar",
              "description": "Transfer to Sort Code 20-44-51Account 83254534\nRef: Mobile-Channel",
              "money_in": null,
              "money_out": "60.00",
              "balance": "224.62"
            },
            {
              "date": "20 Mar",
              "description": "Received From Thorneloe C&CRef: From Mandd",
              "money_in": "60.00",
              "money_out": null,
              "balance": "224.62"
            },
            {
              "date": "22 Mar",
              "description": "Payment to Matthew PriceRef: Room Payment",
              "money_in": null,
              "money_out": "5.00",
              "balance": "129.62"
            },
            {
              "date": "22 Mar",
              "description": "Transfer to Sort Code 20-44-51Account 83254534\nRef: Mobile-Channel",
              "money_in": null,
              "money_out": "20.00",
              "balance": "129.62"
            },
            {
              "date": "22 Mar",
              "description": "Transfer to Sort Code 20-44-51Account 83254534\nRef: Mobile-Channel",
              "money_in": null,
              "money_out": "20.00",
              "balance": "129.62"
            },
            {
              "date": "22 Mar",
              "description": "Transfer to Sort Code 20-44-51Account 83254534\nRef: Mobile-Channel",
              "money_in": null,
              "money_out": "50.00",
              "balance": "129.62"
            },
            {
              "date": "23 Mar",
              "description": "Transfer to Sort Code 20-44-51Account 83254534\nRef: Mobile-Channel",
              "money_in": null,
              "money_out": "60.00",
              "balance": "69.62"
            },
            {
              "date": "27 Mar",
              "description": "Transfer to Sort Code 20-44-51Account 83254534\nRef: Mobile-Channel",
              "money_in": null,
              "money_out": "20.00",
              "balance": "109.62"
            },
            {
              "date": "27 Mar",
              "description": "Received From Thorneloe C&CRef: From Mandd",
              "money_in": "60.00",
              "money_out": null,
              "balance": "109.62"
            },
            {
              "date": "29 Mar",
              "description": "Payment to Matthew PriceRef: Room Payment",
              "money_in": null,
              "money_out": "5.00",
              "balance": "73.72"
            },
            {
              "date": "29 Mar",
              "description": "Bill Payment to Sophia CopseyRef: Electricity",
              "money_in": null,
              "money_out": "30.90",
              "balance": "73.72"
            },
            {
              "date": "31 Mar",
              "description": "End balance",
              "money_in": null,
              "money_out": null,
              "balance": "73.72"
            }
          ]
        }
      ]
    },
    {
      "forms": [],
      "tables": []
    },
    {
      "forms": [],
      "tables": []
    }
  ]
}
