{
  "metadata": {
    "document_id": "barclays_april", 
    "parsed_at": "2023-04-28",
    "number_of_pages": 4
  },
  "pages": [
    {
      "forms": [
        {
          "sort_code": "20-44-51"
        },
        {
          "account_number": "83254534"
        },
        {
          "customer_name": "Miss Meghan Victoria Thorneloe"
        },
        {
          "start_balance": "£44.24"
        },
        {
          "money_in": "£1,870.44"
        },
        {
          "money_out": "£1,865.06"
        },
        {
          "end_balance": "£49.62"
        }
      ],
      "tables": [
        {
          "table_header": "Your Transactions",
          "data": [
            {
              "date": "01 Apr",
              "description": "Start balance",
              "money_in": null,
              "money_out": null,
              "balance": "44.24"
            },
            {
              "date": "03 Apr",
              "description": "Card Payment to Tesco Stores 2209 On 01 Apr",
              "money_in": null,
              "money_out": "0.75",
              "balance": "24.45"
            },
            {
              "date": "03 Apr",
              "description": "Card Payment to Shell Main Rd On 02 Apr",
              "money_in": null,
              "money_out": "0.79",
              "balance": "24.45"
            },
            {
              "date": "03 Apr",
              "description": "Card Payment to Tesco Stores 6416 On 31 Mar",
              "money_in": null,
              "money_out": "1.70",
              "balance": "24.45"
            },
            {
              "date": "03 Apr",
              "description": "Card Payment to The Rosebud On 01 Apr",
              "money_in": null,
              "money_out": "7.20",
              "balance": "24.45"
            },
            {
              "date": "03 Apr",
              "description": "Card Payment to Paul Applegate Ltd On 31 Mar",
              "money_in": null,
              "money_out": "9.35",
              "balance": "24.45"
            },
            {
              "date": "05 Apr",
              "description": "Card Payment to Paypal *Proteinwor On 03 Apr",
              "money_in": null,
              "money_out": "3.95",
              "balance": "40.50"
            },
            {
              "date": "05 Apr",
              "description": "Transfer From Sort Code 20-44-51Account 13415759\nRef: Mobile-Channel",
              "money_in": "20.00",
              "money_out": null,
              "balance": "40.50"
            },
            {
              "date": "06 Apr",
              "description": "Card Payment to Trainline.Com On 05 Apr",
              "money_in": null,
              "money_out": "28.04",
              "balance": "34.17"
            },
            {
              "date": "06 Apr",
              "description": "Card Payment to Holland & Barrett On 05 Apr",
              "money_in": null,
              "money_out": "12.13",
              "balance": "34.17"
            },
            {
              "date": "06 Apr",
              "description": "Refund From SP Aybl On 05 Apr",
              "money_in": "33.84",
              "money_out": null,
              "balance": "34.17"
            },
            {
              "date": "11 Apr",
              "description": "Card Payment to Michaelhouse Cafe On 08 Apr",
              "money_in": null,
              "money_out": "5.30",
              "balance": "65.16"
            }
          ]
        }
      ]
    },
    {
      "forms": [],
      "tables": [
        {
          "table_header": "Your Transactions",
          "data": [
            {
              "date": "11 Apr",
              "description": "Card Payment to Giggling Squid On 08 Apr",
              "money_in": null,
              "money_out": "15.33",
              "balance": "65.16"
            },
            {
              "date": "11 Apr",
              "description": "Card Payment to Hollister Grand AR On 08 Apr",
              "money_in": null,
              "money_out": "17.00",
              "balance": "65.16"
            },
            {
              "date": "11 Apr",
              "description": "Card Payment to New Look 2023 On 08 Apr",
              "money_in": null,
              "money_out": "26.99",
              "balance": "65.16"
            },
            {
              "date": "11 Apr",
              "description": "Bill Payment to E J ThorneloeRef: Cambridge Day",
              "money_in": null,
              "money_out": "4.39",
              "balance": "65.16"
            },
            {
              "date": "11 Apr",
              "description": "Transfer From Sort Code 20-44-51Account 13415759\nRef: Mobile-Channel",
              "money_in": "20.00",
              "money_out": null,
              "balance": "65.16"
            },
            {
              "date": "11 Apr",
              "description": "Transfer From Sort Code 20-44-51Account 13415759\nRef: Mobile-Channel",
              "money_in": "20.00",
              "money_out": null,
              "balance": "65.16"
            },
            {
              "date": "11 Apr",
              "description": "Transfer From Sort Code 20-44-51Account 13415759\nRef: Mobile-Channel",
              "money_in": "60.00",
              "money_out": null,
              "balance": "65.16"
            },
            {
              "date": "12 Apr",
              "description": "Transfer to Sort Code 20-44-51Account 13415759\nRef: Mobile-Channel",
              "money_in": null,
              "money_out": "1400.00",
              "balance": "65.16"
            },
            {
              "date": "12 Apr",
              "description": "Received From D061E00A03C6NspbRef: PB 317384804",
              "money_in": "1400.00",
              "money_out": null,
              "balance": "65.16"
            },
            {
              "date": "13 Apr",
              "description": "Direct Debit to Paypal PaymentRef: 5YV22229Xjkke",
              "money_in": null,
              "money_out": "43.93",
              "balance": "23.28"
            },
            {
              "date": "13 Apr",
              "description": "Card Payment to Boots 1833 On 12 Apr",
              "money_in": null,
              "money_out": "17.95",
              "balance": "23.28"
            },
            {
              "date": "13 Apr",
              "description": "Transfer From Sort Code 20-44-51Account 13415759\nRef: Mobile-Channel",
              "money_in": "20.00",
              "money_out": null,
              "balance": "23.28"
            },
            {
              "date": "17 Apr",
              "description": "Card Payment to Tesco Stores 4480 On 16 Apr",
              "money_in": null,
              "money_out": "3.00",
              "balance": "20.28"
            },
            {
              "date": "18 Apr",
              "description": "Bill Payment to Claire ThorneloeRef: Boots Bits",
              "money_in": null,
              "money_out": "30.00",
              "balance": "20.28"
            },
            {
              "date": "18 Apr",
              "description": "Transfer From Sort Code 20-44-51Account 13415759\nRef: Mobile-Channel",
              "money_in": "30.00",
              "money_out": null,
              "balance": "20.28"
            },
            {
              "date": "20 Apr",
              "description": "Transfer From Sort Code 20-44-51Account 13415759\nRef: Mobile-Channel",
              "money_in": "30.00",
              "money_out": null,
              "balance": "50.28"
            },
            {
              "date": "21 Apr",
              "description": "Card Payment to Moonpig On 20 Apr",
              "money_in": null,
              "money_out": "4.21",
              "balance": "10.47"
            },
            {
              "date": "21 Apr",
              "description": "Card Purchase Paypal *Bynouck BV Netherlands On 20 Apr",
              "money_in": null,
              "money_out": "35.60",
              "balance": "10.47"
            },
            {
              "date": "24 Apr",
              "description": "Card Payment to Tesco Stores 2748 On 23 Apr",
              "money_in": null,
              "money_out": "5.15",
              "balance": "10.47"
            },
            {
              "date": "24 Apr",
              "description": "Card Payment to Zettle_*Mannaeatin On 22 Apr",
              "money_in": null,
              "money_out": "6.50",
              "balance": "10.47"
            },
            {
              "date": "24 Apr",
              "description": "Card Payment to Superdrug Stores P On 23 Apr",
              "money_in": null,
              "money_out": "9.99",
              "balance": "10.47"
            }
          ]
        }
      ]
    },
    {
      "forms": [],
      "tables": [
        {
          "table_header": "Your Transactions",
          "data": [
            {
              "date": "24 Apr",
              "description": "Card Payment to Tfl Travel CH On 22 Apr",
              "money_in": null,
              "money_out": "17.50",
              "balance": "77.54"
            },
            {
              "date": "24 Apr",
              "description": "Card Payment to Boots 1833 On 23 Apr",
              "money_in": null,
              "money_out": "29.39",
              "balance": "77.54"
            },
            {
              "date": "24 Apr",
              "description": "Transfer From Sort Code 20-44-51Account 13415759\nRef: Mobile-Channel",
              "money_in": "30.00",
              "money_out": null,
              "balance": "77.54"
            },
            {
              "date": "24 Apr",
              "description": "Transfer From Sort Code 20-44-51Account 13415759\nRef: Mobile-Channel",
              "money_in": "30.00",
              "money_out": null,
              "balance": "77.54"
            },
            {
              "date": "24 Apr",
              "description": "Transfer From Sort Code 20-44-51Account 13415759\nRef: Mobile-Channel",
              "money_in": "60.00",
              "money_out": null,
              "balance": "77.54"
            },
            {
              "date": "24 Apr",
              "description": "Bill Payment From Thorneloe E JRef: Food",
              "money_in": "15.60",
              "money_out": null,
              "balance": "77.54"
            },
            {
              "date": "26 Apr",
              "description": "Card Payment to New Look McOmm On 24 Apr",
              "money_in": null,
              "money_out": "26.99",
              "balance": "106.55"
            },
            {
              "date": "26 Apr",
              "description": "Transfer From Sort Code 20-44-51Account 13415759\nRef: Mobile-Channel",
              "money_in": "56.00",
              "money_out": null,
              "balance": "106.55"
            },
            {
              "date": "27 Apr",
              "description": "Card Payment to Trainline.Com On 26 Apr",
              "money_in": null,
              "money_out": "15.74",
              "balance": "4.62"
            },
            {
              "date": "27 Apr",
              "description": "Card Payment to Trainline On 26 Apr",
              "money_in": null,
              "money_out": "30.19",
              "balance": "4.62"
            },
            {
              "date": "27 Apr",
              "description": "Card Payment to Www.Bluehillscampi On 26 Apr",
              "money_in": null,
              "money_out": "56.00",
              "balance": "4.62"
            },
            {
              "date": "28 Apr",
              "description": "Transfer From Sort Code 20-44-51Account 13415759\nRef: Mobile-Channel",
              "money_in": "10.00",
              "money_out": null,
              "balance": "49.62"
            },
            {
              "date": "28 Apr",
              "description": "Transfer From Sort Code 20-44-51Account 13415759\nRef: Mobile-Channel",
              "money_in": "35.00",
              "money_out": null,
              "balance": "49.62"
            },
            {
              "date": "28 Apr",
              "description": "End balance",
              "money_in": null,
              "money_out": null,
              "balance": "49.62"
            }
          ]
        }
      ]
    },
    {
      "forms": [],
      "tables": []
    }
  ]
}