{
  "metadata": {
    "document_id": "barclays_may_2",
    "parsed_at": "2023-05-31", 
    "number_of_pages": 4
  },
  "pages": [
    {
      "forms": [],
      "tables": []
    },
    {
      "forms": [
        {
          "sort_code": "20-44-51"
        },
        {
          "account_number": "13415759"
        },
        {
          "customer_name": "Miss Meghan Victoria Thorneloe"
        },
        {
          "start_balance": "£429.09"
        },
        {
          "money_in": "£721.25"
        },
        {
          "money_out": "£446.34"
        },
        {
          "end_balance": "£704.00"
        },
        {
          "overdraft_limit": "£500"
        }
      ],
      "tables": [
        {
          "table_header": "Your Transactions",
          "data": [
            {
              "date": "29 Apr",
              "description": "Start balance",
              "money_in": null,
              "money_out": null,
              "balance": "429.09"
            },
            {
              "date": "02 May",
              "description": "Transfer to Sort Code 20-44-51Account 83254534\nRef: Mobile-Channel",
              "money_in": null,
              "money_out": "60.00",
              "balance": "438.68"
            },
            {
              "date": "02 May", 
              "description": "Bill Payment to Sophia CopseyRef: Electricity",
              "money_in": null,
              "money_out": "20.41",
              "balance": "438.68"
            },
            {
              "date": "02 May",
              "description": "Received From Thorneloe ClaireRef: Weekend",
              "money_in": "30.00",
              "money_out": null,
              "balance": "438.68"
            },
            {
              "date": "02 May",
              "description": "Received From Thorneloe C&CRef: From Mandd",
              "money_in": "60.00",
              "money_out": null,
              "balance": "438.68"
            },
            {
              "date": "03 May",
              "description": "Payment to Matthew PriceRef: Room Payment",
              "money_in": null,
              "money_out": "5.00",
              "balance": "403.68"
            },
            {
              "date": "03 May",
              "description": "Transfer to Sort Code 20-44-51Account 83254534\nRef: Mobile-Channel",
              "money_in": null,
              "money_out": "30.00",
              "balance": "403.68"
            },
            {
              "date": "05 May",
              "description": "Direct Debit to Severn Trent WaterRef: 681017965320231221",
              "money_in": null,
              "money_out": "27.93",
              "balance": "369.75"
            },
            {
              "date": "05 May",
              "description": "Payment to Sam OakleyRef: Broadband",
              "money_in": null,
              "money_out": "6.00",
              "balance": "369.75"
            },
            {
              "date": "09 May",
              "description": "Received From Thorneloe C&CRef: From Mandd",
              "money_in": "60.00",
              "money_out": null,
              "balance": "729.75"
            },
            {
              "date": "09 May",
              "description": "Bill Payment From Bridget ColleRef: Bridget Collett",
              "money_in": "300.00",
              "money_out": null,
              "balance": "729.75"
            },
            {
              "date": "10 May",
              "description": "Payment to Matthew PriceRef: Room Payment",
              "money_in": null,
              "money_out": "5.00",
              "balance": "644.75"
            }
          ]
        }
      ]
    },
    {
      "forms": [],
      "tables": [
        {
          "table_header": "Your Transactions",
          "data": [
            {
              "date": "10 May",
              "description": "Transfer to Sort Code 20-44-51Account 83254534\nRef: Mobile-Channel",
              "money_in": null,
              "money_out": "20.00",
              "balance": "644.75"
            },
            {
              "date": "10 May",
              "description": "Transfer to Sort Code 20-44-51Account 83254534\nRef: Mobile-Channel",
              "money_in": null,
              "money_out": "60.00",
              "balance": "644.75"
            },
            {
              "date": "15 May",
              "description": "Received From Thorneloe C&CRef: From Mandd",
              "money_in": "60.00",
              "money_out": null,
              "balance": "704.75"
            },
            {
              "date": "17 May",
              "description": "Payment to Matthew PriceRef: Room Payment",
              "money_in": null,
              "money_out": "5.00",
              "balance": "700.00"
            },
            {
              "date": "17 May",
              "description": "Transfer From Sort Code 20-44-51Account 83254534\nRef: Mobile-Channel",
              "money_in": "0.25",
              "money_out": null,
              "balance": "700.00"
            },
            {
              "date": "18 May",
              "description": "Received From Thorneloe ClaireRef: Weekend",
              "money_in": "16.00",
              "money_out": null,
              "balance": "716.00"
            },
            {
              "date": "22 May",
              "description": "Transfer to Sort Code 20-44-51Account 83254534\nRef: Mobile-Channel",
              "money_in": null,
              "money_out": "55.00",
              "balance": "776.00"
            },
            {
              "date": "22 May",
              "description": "Received From Thorneloe C&CRef: From Mandd",
              "money_in": "60.00",
              "money_out": null,
              "balance": "776.00"
            },
            {
              "date": "22 May",
              "description": "Bill Payment From Thorneloe C+CRef: Food",
              "money_in": "55.00",
              "money_out": null,
              "balance": "776.00"
            },
            {
              "date": "24 May",
              "description": "Payment to Matthew PriceRef: Room Payment",
              "money_in": null,
              "money_out": "5.00",
              "balance": "771.00"
            },
            {
              "date": "25 May",
              "description": "Received From Thorneloe ClaireRef: Weekend",
              "money_in": "5.00",
              "money_out": null,
              "balance": "776.00"
            },
            {
              "date": "30 May",
              "description": "Transfer to Sort Code 20-44-51Account 83254534\nRef: Mobile-Channel",
              "money_in": null,
              "money_out": "50.00",
              "balance": "764.00"
            },
            {
              "date": "30 May",
              "description": "Bill Payment to Sophia CopseyRef: Electricity",
              "money_in": null,
              "money_out": "22.00",
              "balance": "764.00"
            },
            {
              "date": "30 May",
              "description": "Received From Thorneloe C&CRef: From Mandd",
              "money_in": "60.00",
              "money_out": null,
              "balance": "764.00"
            },
            {
              "date": "31 May",
              "description": "Payment to Matthew PriceRef: Room Payment",
              "money_in": null,
              "money_out": "5.00",
              "balance": "704.00"
            },
            {
              "date": "31 May",
              "description": "Transfer to Sort Code 20-44-51Account 83254534\nRef: Mobile-Channel",
              "money_in": null,
              "money_out": "10.00",
              "balance": "704.00"
            },
            {
              "date": "31 May",
              "description": "Transfer to Sort Code 20-44-51Account 83254534\nRef: Mobile-Channel",
              "money_in": null,
              "money_out": "60.00",
              "balance": "704.00"
            },
            {
              "date": "31 May",
              "description": "Received From Thorneloe ClaireRef: Weekend",
              "money_in": "15.00",
              "money_out": null,
              "balance": "704.00"
            },
            {
              "date": "31 May",
              "description": "End balance",
              "money_in": null,
              "money_out": null,
              "balance": "704.00"
            }
          ]
        }
      ]
    },
    {
      "forms": [],
      "tables": []
    }
  ]
}
