{
  "metadata": {
    "document_id": "barclays_may",
    "parsed_at": "2023-05-31",
    "number_of_pages": 4
  },
  "pages": [
    {
      "forms": [
        {
          "sort_code": "20-44-51"
        },
        {
          "account_number": "83254534"
        },
        {
          "customer_name": "Miss Meghan Victoria Thorneloe"
        },
        {
          "start_balance": "£49.62"
        },
        {
          "money_in": "£360.15"
        },
        {
          "money_out": "£289.25"
        },
        {
          "end_balance": "£120.52"
        }
      ],
      "tables": [
        {
          "table_header": "Your transactions",
          "data": [
            {
              "date": "29 Apr",
              "description": "Start balance",
              "money_in": null,
              "money_out": null,
              "balance": "49.62"
            },
            {
              "date": "02 May",
              "description": "Card Payment to Boots 1833 On 28 Apr",
              "money_in": null,
              "money_out": "31.05",
              "balance": "27.93"
            },
            {
              "date": "02 May",
              "description": "Card Purchase Mgp-Vinted On 28 Apr",
              "money_in": null,
              "money_out": "11.20",
              "balance": "27.93"
            },
            {
              "date": "02 May",
              "description": "Card Purchase Mgp-Vinted On 01 May",
              "money_in": null,
              "money_out": "12.44",
              "balance": "27.93"
            },
            {
              "date": "02 May",
              "description": "Bill Payment to E J ThorneloeRef: Food",
              "money_in": null,
              "money_out": "27.00",
              "balance": "27.93"
            },
            {
              "date": "02 May",
              "description": "Transfer From Sort Code 20-44-51Account 13415759\nRef: Mobile-Channel",
              "money_in": "60.00",
              "money_out": null,
              "balance": "27.93"
            },
            {
              "date": "03 May",
              "description": "Direct Debit to Pure Gym LtdRef: 016300205528030002\nThis Is A New Direct Debit Payment",
              "money_in": null,
              "money_out": "16.99",
              "balance": "16.95"
            },
            {
              "date": "03 May",
              "description": "Card Purchase Mgp-Vinted On 02 May",
              "money_in": null,
              "money_out": "23.99",
              "balance": "16.95"
            },
            {
              "date": "03 May",
              "description": "Transfer From Sort Code 20-44-51Account 13415759\nRef: Mobile-Channel",
              "money_in": "30.00",
              "money_out": null,
              "balance": "16.95"
            },
            {
              "date": "05 May",
              "description": "Card Payment to Contactless.Travel On 04 May",
              "money_in": null,
              "money_out": "2.00",
              "balance": "14.95"
            },
            {
              "date": "09 May",
              "description": "Card Payment to The Queens Head On 07 May",
              "money_in": null,
              "money_out": "1.60",
              "balance": "7.35"
            },
            {
              "date": "09 May",
              "description": "Card Payment to Contactless.Travel On 04 May",
              "money_in": null,
              "money_out": "2.00",
              "balance": "7.35"
            },
            {
              "date": "09 May",
              "description": "Card Payment to Contactless.Travel On 05 May",
              "money_in": null,
              "money_out": "2.00",
              "balance": "7.35"
            },
            {
              "date": "09 May",
              "description": "Card Payment to Nottingham Contact On 05 May",
              "money_in": null,
              "money_out": "2.00",
              "balance": "7.35"
            },
            {
              "date": "10 May",
              "description": "Transfer From Sort Code 20-44-51Account 13415759\nRef: Mobile-Channel",
              "money_in": "20.00",
              "money_out": null,
              "balance": "87.35"
            },
            {
              "date": "10 May",
              "description": "Transfer From Sort Code 20-44-51Account 13415759\nRef: Mobile-Channel",
              "money_in": "60.00",
              "money_out": null,
              "balance": "87.35"
            }
          ]
        }
      ]
    },
    {
      "forms": [],
      "tables": [
        {
          "table_header": "Your transactions",
          "data": [
            {
              "date": "12 May",
              "description": "Direct Debit to Paypal PaymentRef: 5YV22229Xjkke",
              "money_in": null,
              "money_out": "46.35",
              "balance": "41.00"
            },
            {
              "date": "15 May",
              "description": "Card Payment to Tesco Stores 5628 On 14 May",
              "money_in": null,
              "money_out": "1.95",
              "balance": "29.05"
            },
            {
              "date": "15 May",
              "description": "Card Purchase Paypal *Facebook Ireland On 12 May",
              "money_in": null,
              "money_out": "10.00",
              "balance": "29.05"
            },
            {
              "date": "17 May",
              "description": "Card Payment to Avo On 16 May",
              "money_in": null,
              "money_out": "3.95",
              "balance": "24.85"
            },
            {
              "date": "17 May",
              "description": "Transfer to Sort Code 20-44-51Account 13415759\nRef: Mobile-Channel",
              "money_in": null,
              "money_out": "0.25",
              "balance": "24.85"
            },
            {
              "date": "18 May",
              "description": "Card Payment to George Green Libra On 17 May",
              "money_in": null,
              "money_out": "1.80",
              "balance": "23.05"
            },
            {
              "date": "19 May",
              "description": "Card Payment to Lidl GB Nottingham On 18 May",
              "money_in": null,
              "money_out": "5.90",
              "balance": "17.15"
            },
            {
              "date": "22 May",
              "description": "Card Payment to Portland Coffee Co On 20 May",
              "money_in": null,
              "money_out": "2.50",
              "balance": "14.65"
            },
            {
              "date": "22 May",
              "description": "Bill Payment to E J ThorneloeRef: Food",
              "money_in": null,
              "money_out": "55.00",
              "balance": "14.65"
            },
            {
              "date": "22 May",
              "description": "Transfer From Sort Code 20-44-51Account 13415759\nRef: Mobile-Channel",
              "money_in": "55.00",
              "money_out": null,
              "balance": "14.65"
            },
            {
              "date": "25 May",
              "description": "Card Payment to Tesco Stores 5628 On 24 May",
              "money_in": null,
              "money_out": "0.90",
              "balance": "13.75"
            },
            {
              "date": "26 May",
              "description": "Card Payment to Tesco Stores 5957 On 25 May",
              "money_in": null,
              "money_out": "1.10",
              "balance": "27.80"
            },
            {
              "date": "26 May",
              "description": "VISA Direct Payment From East Midlands Trai On 26 May",
              "money_in": "15.15",
              "money_out": null,
              "balance": "27.80"
            },
            {
              "date": "30 May",
              "description": "Card Payment to Trainline.Com On 28 May",
              "money_in": null,
              "money_out": "25.99",
              "balance": "50.52"
            },
            {
              "date": "30 May",
              "description": "Card Payment to Your Local On 28 May",
              "money_in": null,
              "money_out": "1.29",
              "balance": "50.52"
            },
            {
              "date": "30 May",
              "description": "Transfer From Sort Code 20-44-51Account 13415759\nRef: Mobile-Channel",
              "money_in": "50.00",
              "money_out": null,
              "balance": "50.52"
            },
            {
              "date": "31 May",
              "description": "Transfer From Sort Code 20-44-51Account 13415759\nRef: Mobile-Channel",
              "money_in": "10.00",
              "money_out": null,
              "balance": "120.52"
            },
            {
              "date": "31 May",
              "description": "Transfer From Sort Code 20-44-51Account 13415759\nRef: Mobile-Channel",
              "money_in": "60.00",
              "money_out": null,
              "balance": "120.52"
            },
            {
              "date": "31 May",
              "description": "End balance",
              "money_in": null,
              "money_out": null,
              "balance": "120.52"
            }
          ]
        }
      ]
    },
    {
      "forms": [],
      "tables": []
    },
    {
      "forms": [],
      "tables": []
    }
  ]
}
