{
  "metadata": {
    "document_id": "lloyds_september", 
    "parsed_at": "2024-11-23",
    "number_of_pages": 2
  },
  "pages": [
    {
      "forms": [
        {
          "sort_code": "30-90-42"
        },
        {
          "account_number": "30336468"
        },
        {
          "customer_name": "Mr Christopher Little"
        },
        {
          "start_balance": "£1,075.21"
        },
        {
          "money_in": "£5,157.38"
        },
        {
          "money_out": "£5,003.27"
        },
        {
          "end_balance": "£1,229.32"
        }
      ],
      "tables": [
        {
          "table_header": "Your Transactions",
          "data": [
            {
              "date": "02 Sep 24",
              "description": "JACKIE LITTLE",
              "type": "SO",
              "money_in": null,
              "money_out": "300.00",
              "balance": "775.21"
            },
            {
              "date": "02 Sep 24",
              "description": "DVLA-EK11EAY",
              "type": "DD",
              "money_in": null,
              "money_out": "14.00",
              "balance": "761.21"
            },
            {
              "date": "02 Sep 24",
              "description": "BARCLAYS UK MTGES",
              "type": "DD",
              "money_in": null,
              "money_out": "597.55",
              "balance": "163.66"
            },
            {
              "date": "02 Sep 24",
              "description": "INTEREST (GROSS)",
              "type": null,
              "money_in": "2.73",
              "money_out": null,
              "balance": "166.39"
            },
            {
              "date": "03 Sep 24",
              "description": "AWS EMEA",
              "type": "DEB",
              "money_in": null,
              "money_out": "0.20",
              "balance": "166.19"
            },
            {
              "date": "03 Sep 24",
              "description": "CLUB LLOYDS FEE",
              "type": "PAY",
              "money_in": null,
              "money_out": "3.00",
              "balance": "163.19"
            },
            {
              "date": "03 Sep 24",
              "description": "CLUB LLOYDS WAIVED",
              "type": "DEP",
              "money_in": "3.00",
              "money_out": null,
              "balance": "166.19"
            },
            {
              "date": "06 Sep 24",
              "description": "AIRBNB * HM8Y5A4RR",
              "type": "DEB",
              "money_in": null,
              "money_out": "11.00",
              "balance": "155.19"
            },
            {
              "date": "16 Sep 24",
              "description": "GOOGLE Google One",
              "type": "DEB",
              "money_in": null,
              "money_out": "1.59",
              "balance": "153.60"
            },
            {
              "date": "16 Sep 24",
              "description": "VANGUARD ASSET MAN",
              "type": "FPI",
              "money_in": "4042.65",
              "money_out": null,
              "balance": "4196.25"
            },
            {
              "date": "17 Sep 24",
              "description": "C LITTLE",
              "type": "TFR",
              "money_in": null,
              "money_out": "3800.00",
              "balance": "396.25"
            },
            {
              "date": "18 Sep 24",
              "description": "LVIC",
              "type": "DD",
              "money_in": null,
              "money_out": "67.85",
              "balance": "328.40"
            },
            {
              "date": "19 Sep 24",
              "description": "MAURICIO JIMENEZ M",
              "type": "SO",
              "money_in": null,
              "money_out": "45.00",
              "balance": "283.40"
            },
            {
              "date": "20 Sep 24",
              "description": "H3G",
              "type": "DD",
              "money_in": null,
              "money_out": "13.12",
              "balance": "270.28"
            },
            {
              "date": "20 Sep 24",
              "description": "CHRISTOPHER LITTLE",
              "type": "FPO",
              "money_in": null,
              "money_out": "50.00",
              "balance": "220.28"
            },
            {
              "date": "23 Sep 24",
              "description": "Spotify Limited",
              "type": "DEB",
              "money_in": null,
              "money_out": "11.99",
              "balance": "208.29"
            }
          ]
        }
      ]
    },
    {
      "forms": [],
      "tables": [
        {
          "table_header": "Your Transactions",
          "data": [
            {
              "date": "23 Sep 24",
              "description": "S IONITA",
              "type": "FPI",
              "money_in": "1100.00",
              "money_out": null,
              "balance": "1308.29"
            },
            {
              "date": "24 Sep 24",
              "description": "ASHBOURNE MANAGEME",
              "type": "DD",
              "money_in": null,
              "money_out": "44.00",
              "balance": "1264.29"
            },
            {
              "date": "30 Sep 24",
              "description": "CLARA BUENO LOPEZ",
              "type": "FPI",
              "money_in": "9.00",
              "money_out": null,
              "balance": "1273.29"
            },
            {
              "date": "30 Sep 24",
              "description": "AIRBNB * HM8Y5A4RR",
              "type": "DEB",
              "money_in": null,
              "money_out": "43.97",
              "balance": "1229.32"
            }
          ]
        }
      ]
    }
  ]
}