{
  "metadata": {
    "document_id": "monzo_3_months",
    "parsed_at": "2023-06-20",
    "number_of_pages": 8
  },
  "pages": [
    {
      "forms": [
        {
          "sort_code": "04-00-04"
        },
        {
          "account_number": "99309784"
        },
        {
          "customer_name": "Jake Charles Holmes"
        },
        {
          "start_balance": "£194.52"
        },
        {
          "money_in": "£7,296.34"
        },
        {
          "money_out": "£7,249.18"
        },
        {
          "end_balance": "£252.58"
        }
      ],
      "tables": [
        {
          "table_header": "Your Transactions",
          "data": [
            {
              "date": "31/05/2023",
              "description": "Transfer to Pot",
              "type": "TFR",
              "money_in": null,
              "money_out": "0.77",
              "balance": "252.58"
            },
            {
              "date": "31/05/2023",
              "description": "PADDY & SCOTTS AMBITIO IPSWICH IP4 GBR",
              "type": "DEB",
              "money_in": null,
              "money_out": "4.23",
              "balance": "253.35"
            },
            {
              "date": "28/05/2023",
              "description": "Transfer to Pot",
              "type": "TFR",
              "money_in": null,
              "money_out": "0.21",
              "balance": "257.58"
            },
            {
              "date": "28/05/2023",
              "description": "Trainline London GBR",
              "type": "DEB",
              "money_in": null,
              "money_out": "26.79",
              "balance": "257.79"
            },
            {
              "date": "28/05/2023",
              "description": "Transfer to Pot",
              "type": "TFR",
              "money_in": null,
              "money_out": "0.60",
              "balance": "284.58"
            },
            {
              "date": "28/05/2023",
              "description": "TFL TRAVEL CH VICTORIA STREET",
              "type": "DEB",
              "money_in": null,
              "money_out": "5.40",
              "balance": "285.18"
            }
          ]
        }
      ]
    },
    {
      "forms": [],
      "tables": [
        {
          "table_header": "Your Transactions",
          "data": [
            {
              "date": "28/05/2023",
              "description": "Jake Holmes",
              "type": "FPO",
              "money_in": null,
              "money_out": "1500.00",
              "balance": "290.58"
            },
            {
              "date": "28/05/2023",
              "description": "Transfer from Pot",
              "type": "TFR",
              "money_in": "1400.00",
              "money_out": null,
              "balance": "1790.58"
            },
            {
              "date": "27/05/2023",
              "description": "TESCO BANK",
              "type": "FPO",
              "money_in": null,
              "money_out": "224.29",
              "balance": "390.58"
            },
            {
              "date": "27/05/2023",
              "description": "TESCO BANK",
              "type": "FPO",
              "money_in": null,
              "money_out": "224.29",
              "balance": "614.87"
            },
            {
              "date": "27/05/2023",
              "description": "Transfer to Pot",
              "type": "TFR",
              "money_in": null,
              "money_out": "2700.00",
              "balance": "839.16"
            },
            {
              "date": "27/05/2023",
              "description": "Transfer to Pot",
              "type": "TFR",
              "money_in": null,
              "money_out": "0.70",
              "balance": "3539.16"
            },
            {
              "date": "27/05/2023",
              "description": "MIPERMIT LTD CHIPPENHAM GBR",
              "type": "DEB",
              "money_in": null,
              "money_out": "6.30",
              "balance": "3539.86"
            },
            {
              "date": "26/05/2023",
              "description": "Transfer from Pot",
              "type": "TFR",
              "money_in": "3250.00",
              "money_out": null,
              "balance": "3546.16"
            },
            {
              "date": "25/05/2023",
              "description": "Transfer to Pot",
              "type": "TFR",
              "money_in": null,
              "money_out": "110.00",
              "balance": "296.16"
            },
            {
              "date": "25/05/2023",
              "description": "HOLMES J",
              "type": "FPI",
              "money_in": "400.00",
              "money_out": null,
              "balance": "406.16"
            },
            {
              "date": "25/05/2023",
              "description": "Transfer to Pot",
              "type": "TFR",
              "money_in": null,
              "money_out": "0.50",
              "balance": "6.16"
            },
            {
              "date": "25/05/2023",
              "description": "THE GRIFFIN LONDON GBR",
              "type": "DEB",
              "money_in": null,
              "money_out": "4.50",
              "balance": "6.66"
            },
            {
              "date": "25/05/2023",
              "description": "Transfer to Pot",
              "type": "TFR",
              "money_in": null,
              "money_out": "0.45",
              "balance": "11.16"
            },
            {
              "date": "25/05/2023",
              "description": "Zettle_*THE WACKA WAGO Hampton Hill GBR",
              "type": "DEB",
              "money_in": null,
              "money_out": "3.55",
              "balance": "11.61"
            },
            {
              "date": "25/05/2023",
              "description": "TfL Travel Charge TFL.gov.uk/CP GBR",
              "type": "DEB",
              "money_in": null,
              "money_out": "7.25",
              "balance": "15.16"
            },
            {
              "date": "23/05/2023",
              "description": "Transfer to Pot",
              "type": "TFR",
              "money_in": null,
              "money_out": "140.00",
              "balance": "22.41"
            },
            {
              "date": "21/05/2023",
              "description": "Transfer to Pot",
              "type": "TFR",
              "money_in": null,
              "money_out": "0.30",
              "balance": "162.41"
            },
            {
              "date": "21/05/2023",
              "description": "SAINSBURYS BICESTER BICESTER GBR",
              "type": "DEB",
              "money_in": null,
              "money_out": "1.70",
              "balance": "162.71"
            },
            {
              "date": "20/05/2023",
              "description": "Transfer to Pot",
              "type": "TFR",
              "money_in": null,
              "money_out": "0.50",
              "balance": "164.41"
            },
            {
              "date": "20/05/2023",
              "description": "TFL TRAVEL CH VICTORIA STREET TFL.GOV.UK/CP SW1H 0TL GBR",
              "type": "DEB",
              "money_in": null,
              "money_out": "5.50",
              "balance": "164.91"
            },
            {
              "date": "20/05/2023",
              "description": "Transfer to Pot",
              "type": "TFR",
              "money_in": null,
              "money_out": "0.11",
              "balance": "170.41"
            },
            {
              "date": "20/05/2023",
              "description": "Vue Entertainment Ltd Chiswick, Lon GBR",
              "type": "DEB",
              "money_in": null,
              "money_out": "6.89",
              "balance": "170.52"
            },
            {
              "date": "18/05/2023",
              "description": "Transfer to Pot",
              "type": "TFR",
              "money_in": null,
              "money_out": "0.92",
              "balance": "177.41"
            }
          ]
        }
      ]
    },
    {
      "forms": [],
      "tables": [
        {
          "table_header": "Your Transactions",
          "data": [
            {
              "date": "18/05/2023",
              "description": "MCDONALDS LONDON GBR",
              "type": "DEB",
              "money_in": null,
              "money_out": "11.08",
              "balance": "178.33"
            },
            {
              "date": "18/05/2023",
              "description": "HAMILTON HALL LONDON GBR",
              "type": "DEB",
              "money_in": null,
              "money_out": "0.70",
              "balance": "189.41"
            },
            {
              "date": "18/05/2023",
              "description": "Transfer to Pot",
              "type": "TFR",
              "money_in": null,
              "money_out": "0.50",
              "balance": "190.11"
            },
            {
              "date": "18/05/2023",
              "description": "THE GRIFFIN LONDON GBR",
              "type": "DEB",
              "money_in": null,
              "money_out": "1.50",
              "balance": "190.61"
            },
            {
              "date": "18/05/2023",
              "description": "Transfer to Pot",
              "type": "TFR",
              "money_in": null,
              "money_out": "0.40",
              "balance": "192.11"
            },
            {
              "date": "18/05/2023",
              "description": "Zettle_*ORIGIN COFFEE Porthleven GBR",
              "type": "DEB",
              "money_in": null,
              "money_out": "3.60",
              "balance": "192.51"
            },
            {
              "date": "18/05/2023",
              "description": "Transfer to Pot",
              "type": "TFR",
              "money_in": null,
              "money_out": "0.01",
              "balance": "196.11"
            },
            {
              "date": "18/05/2023",
              "description": "ITSU 034 GRT EASTRN ST LONDON EC2A GBR",
              "type": "DEB",
              "money_in": null,
              "money_out": "4.99",
              "balance": "196.12"
            },
            {
              "date": "18/05/2023",
              "description": "Transfer to Pot",
              "type": "TFR",
              "money_in": null,
              "money_out": "0.20",
              "balance": "201.11"
            },
            {
              "date": "18/05/2023",
              "description": "Zettle_*LITTLE ITALY E Long Crendon GBR",
              "type": "DEB",
              "money_in": null,
              "money_out": "3.80",
              "balance": "201.31"
            },
            {
              "date": "18/05/2023",
              "description": "Trainline London GBR",
              "type": "DEB",
              "money_in": null,
              "money_out": "21.00",
              "balance": "205.11"
            },
            {
              "date": "16/05/2023",
              "description": "Transfer to Pot",
              "type": "TFR",
              "money_in": null,
              "money_out": "0.45",
              "balance": "226.11"
            },
            {
              "date": "16/05/2023",
              "description": "Trainline London GBR",
              "type": "DEB",
              "money_in": null,
              "money_out": "2.55",
              "balance": "226.56"
            },
            {
              "date": "14/05/2023",
              "description": "Transfer to Pot",
              "type": "TFR",
              "money_in": null,
              "money_out": "0.70",
              "balance": "229.11"
            },
            {
              "date": "14/05/2023",
              "description": "SumUp *Cafe2U Chelten Gloucester GBR",
              "type": "DEB",
              "money_in": null,
              "money_out": "3.30",
              "balance": "229.81"
            },
            {
              "date": "14/05/2023",
              "description": "Transfer to Pot",
              "type": "TFR",
              "money_in": null,
              "money_out": "0.50",
              "balance": "233.11"
            },
            {
              "date": "14/05/2023",
              "description": "Zettle_*Botanica CHELTENHAM GBR",
              "type": "DEB",
              "money_in": null,
              "money_out": "8.50",
              "balance": "233.61"
            },
            {
              "date": "11/05/2023",
              "description": "ONE STOP STORES BICESTER GBR",
              "type": "DEB",
              "money_in": null,
              "money_out": "5.00",
              "balance": "242.11"
            },
            {
              "date": "11/05/2023",
              "description": "Transfer to Pot",
              "type": "TFR",
              "money_in": null,
              "money_out": "0.80",
              "balance": "247.11"
            },
            {
              "date": "11/05/2023",
              "description": "Zettle_*THE WACKA WAGO Hampton Hill GBR",
              "type": "DEB",
              "money_in": null,
              "money_out": "3.20",
              "balance": "247.91"
            },
            {
              "date": "11/05/2023",
              "description": "TfL Travel Charge TFL.gov.uk/CP GBR",
              "type": "DEB",
              "money_in": null,
              "money_out": "5.50",
              "balance": "251.11"
            },
            {
              "date": "05/05/2023",
              "description": "Transfer to Pot",
              "type": "TFR",
              "money_in": null,
              "money_out": "0.50",
              "balance": "256.61"
            },
            {
              "date": "05/05/2023",
              "description": "TFL TRAVEL CH VICTORIA STREET TFL.GOV.UK/CP SW1H 0TL GBR",
              "type": "DEB",
              "money_in": null,
              "money_out": "5.50",
              "balance": "257.11"
            }
          ]
        }
      ]
    },
    {
      "forms": [],
      "tables": [
        {
          "table_header": "Your Transactions",
          "data": [
            {
              "date": "04/05/2023",
              "description": "Transfer to Pot",
              "type": "TFR",
              "money_in": null,
              "money_out": "0.25",
              "balance": "262.61"
            },
            {
              "date": "04/05/2023",
              "description": "trainline +443332022222 GBR",
              "type": "DEB",
              "money_in": null,
              "money_out": "22.75",
              "balance": "262.86"
            },
            {
              "date": "04/05/2023",
              "description": "Transfer to Pot",
              "type": "TFR",
              "money_in": null,
              "money_out": "0.50",
              "balance": "285.61"
            },
            {
              "date": "04/05/2023",
              "description": "THE GRIFFIN LONDON GBR",
              "type": "DEB",
              "money_in": null,
              "money_out": "1.50",
              "balance": "286.11"
            },
            {
              "date": "04/05/2023",
              "description": "Transfer to Pot",
              "type": "TFR",
              "money_in": null,
              "money_out": "0.20",
              "balance": "287.61"
            },
            {
              "date": "04/05/2023",
              "description": "Zettle_*SMALL SQUARE C London GBR",
              "type": "DEB",
              "money_in": null,
              "money_out": "3.80",
              "balance": "287.81"
            },
            {
              "date": "30/04/2023",
              "description": "Transfer to Pot",
              "type": "TFR",
              "money_in": null,
              "money_out": "0.50",
              "balance": "291.61"
            },
            {
              "date": "30/04/2023",
              "description": "SAINSBURYS BICESTER GBR",
              "type": "DEB",
              "money_in": null,
              "money_out": "4.50",
              "balance": "292.11"
            },
            {
              "date": "28/04/2023",
              "description": "Transfer to Pot",
              "type": "TFR",
              "money_in": null,
              "money_out": "0.20",
              "balance": "296.61"
            },
            {
              "date": "28/04/2023",
              "description": "TFL TRAVEL CH VICTORIA STREET TFL.GOV.UK/CP SW1H 0TL GBR",
              "type": "DEB",
              "money_in": null,
              "money_out": "2.80",
              "balance": "296.81"
            },
            {
              "date": "28/04/2023",
              "description": "Transfer to Pot",
              "type": "TFR",
              "money_in": null,
              "money_out": "30.00",
              "balance": "299.61"
            },
            {
              "date": "28/04/2023",
              "description": "Transfer to Pot",
              "type": "TFR",
              "money_in": null,
              "money_out": "100.00",
              "balance": "329.61"
            },
            {
              "date": "28/04/2023",
              "description": "Transfer to Pot",
              "type": "TFR",
              "money_in": null,
              "money_out": "200.00",
              "balance": "429.61"
            },
            {
              "date": "28/04/2023",
              "description": "HOLMES J",
              "type": "FPI",
              "money_in": "600.00",
              "money_out": null,
              "balance": "629.61"
            },
            {
              "date": "27/04/2023",
              "description": "Transfer to Pot",
              "type": "TFR",
              "money_in": null,
              "money_out": "0.60",
              "balance": "29.61"
            },
            {
              "date": "27/04/2023",
              "description": "Zettle_*THE WACKA WAGO Hampton Hill GBR",
              "type": "DEB",
              "money_in": null,
              "money_out": "6.40",
              "balance": "30.21"
            },
            {
              "date": "27/04/2023",
              "description": "Transfer to Pot",
              "type": "TFR",
              "money_in": null,
              "money_out": "0.20",
              "balance": "36.61"
            },
            {
              "date": "27/04/2023",
              "description": "Zettle_*SMALL SQUARE C London GBR",
              "type": "DEB",
              "money_in": null,
              "money_out": "3.80",
              "balance": "36.81"
            },
            {
              "date": "25/04/2023",
              "description": "Trainline.COM 120 Holburn London EC1N 2TD GBR",
              "type": "DEB",
              "money_in": "23.44",
              "money_out": null,
              "balance": "40.61"
            },
            {
              "date": "24/04/2023",
              "description": "trainline Holborn 120 +443332022222 EC1N 2TD GBR",
              "type": "DEB",
              "money_in": "15.80",
              "money_out": null,
              "balance": "17.17"
            },
            {
              "date": "23/04/2023",
              "description": "Transfer to Pot",
              "type": "TFR",
              "money_in": null,
              "money_out": "0.71",
              "balance": "1.37"
            }
          ]
        }
      ]
    },
    {
      "forms": [],
      "tables": [
        {
          "table_header": "Your Transactions",
          "data": [
            {
              "date": "23/04/2023",
              "description": "trainline +443332022222 GBR",
              "type": "DEB",
              "money_in": null,
              "money_out": "23.29",
              "balance": "2.08"
            },
            {
              "date": "23/04/2023",
              "description": "Transfer from Pot",
              "type": "TFR",
              "money_in": "10.00",
              "money_out": null,
              "balance": "25.37"
            },
            {
              "date": "23/04/2023",
              "description": "Transfer to Pot",
              "type": "TFR",
              "money_in": null,
              "money_out": "0.61",
              "balance": "15.37"
            },
            {
              "date": "23/04/2023",
              "description": "Trainline London GBR",
              "type": "DEB",
              "money_in": null,
              "money_out": "24.39",
              "balance": "15.98"
            },
            {
              "date": "23/04/2023",
              "description": "Transfer to Pot",
              "type": "TFR",
              "money_in": null,
              "money_out": "0.50",
              "balance": "40.37"
            },
            {
              "date": "23/04/2023",
              "description": "TfL Travel Charge TFL.gov.uk/CP GBR",
              "type": "DEB",
              "money_in": null,
              "money_out": "17.50",
              "balance": "40.87"
            },
            {
              "date": "22/04/2023",
              "description": "TooGoodToG os94b1oh5bi toogoodtogo.c DNK",
              "type": "DEB",
              "money_in": null,
              "money_out": "5.00",
              "balance": "58.37"
            },
            {
              "date": "22/04/2023",
              "description": "TooGoodToG jzzvn41msrt toogoodtogo.c DNK",
              "type": "DEB",
              "money_in": null,
              "money_out": "10.00",
              "balance": "63.37"
            },
            {
              "date": "22/04/2023",
              "description": "Transfer to Pot",
              "type": "TFR",
              "money_in": null,
              "money_out": "0.56",
              "balance": "73.37"
            },
            {
              "date": "22/04/2023",
              "description": "Trainline London GBR",
              "type": "DEB",
              "money_in": null,
              "money_out": "23.44",
              "balance": "73.93"
            },
            {
              "date": "20/04/2023",
              "description": "TfL Travel Charge TFL.gov.uk/CP GBR",
              "type": "DEB",
              "money_in": null,
              "money_out": "2.70",
              "balance": "97.37"
            },
            {
              "date": "15/04/2023",
              "description": "Zettle_*REEFSIDE CATER Bournemouth GBR",
              "type": "DEB",
              "money_in": null,
              "money_out": "5.00",
              "balance": "100.07"
            },
            {
              "date": "14/04/2023",
              "description": "Transfer to Pot",
              "type": "TFR",
              "money_in": null,
              "money_out": "0.80",
              "balance": "105.07"
            },
            {
              "date": "14/04/2023",
              "description": "TESCO-STORES 2305 BICESTER GBR",
              "type": "DEB",
              "money_in": null,
              "money_out": "3.20",
              "balance": "105.87"
            },
            {
              "date": "14/04/2023",
              "description": "Transfer to Pot",
              "type": "TFR",
              "money_in": null,
              "money_out": "0.50",
              "balance": "109.07"
            },
            {
              "date": "14/04/2023",
              "description": "TFL TRAVEL CH VICTORIA STREET TFL.GOV.UK/CP SW1H 0TL GBR",
              "type": "DEB",
              "money_in": null,
              "money_out": "5.50",
              "balance": "109.57"
            },
            {
              "date": "11/04/2023",
              "description": "Transfer to Pot",
              "type": "TFR",
              "money_in": null,
              "money_out": "0.60",
              "balance": "115.07"
            },
            {
              "date": "11/04/2023",
              "description": "COSTA COFFEE 43011506 BICESTER GBR",
              "type": "DEB",
              "money_in": null,
              "money_out": "3.40",
              "balance": "115.67"
            },
            {
              "date": "08/04/2023",
              "description": "Transfer to Pot",
              "type": "TFR",
              "money_in": null,
              "money_out": "0.60",
              "balance": "119.07"
            },
            {
              "date": "08/04/2023",
              "description": "TESCO-STORES 2305 BICESTER GBR",
              "type": "DEB",
              "money_in": null,
              "money_out": "3.40",
              "balance": "119.67"
            },
            {
              "date": "07/04/2023",
              "description": "Transfer to Pot",
              "type": "TFR",
              "money_in": null,
              "money_out": "0.25",
              "balance": "123.07"
            },
            {
              "date": "07/04/2023",
              "description": "IKEA LTD 185 MILTON KE BLETCHLEY GBR",
              "type": "DEB",
              "money_in": null,
              "money_out": "1.75",
              "balance": "123.32"
            },
            {
              "date": "07/04/2023",
              "description": "WARWICKSHIRE PARKING WARWICK GBR",
              "type": "DEB",
              "money_in": null,
              "money_out": "3.00",
              "balance": "125.07"
            }
          ]
        }
      ]
    },
    {
      "forms": [],
      "tables": [
        {
          "table_header": "Your Transactions",
          "data": [
            {
              "date": "07/04/2023",
              "description": "Transfer to Pot",
              "type": "TFR",
              "money_in": null,
              "money_out": "0.05",
              "balance": "128.07"
            },
            {
              "date": "07/04/2023",
              "description": "STARBUCKS COFFEE BANBURY GBR",
              "type": "DEB",
              "money_in": null,
              "money_out": "8.95",
              "balance": "128.12"
            },
            {
              "date": "06/04/2023",
              "description": "TfL Travel Charge TFL.gov.uk/CP GBR",
              "type": "DEB",
              "money_in": null,
              "money_out": "2.80",
              "balance": "137.07"
            },
            {
              "date": "06/04/2023",
              "description": "SUPERPEDESTRIAN 27 Greville Street LONDON EC1N 8TN LND",
              "type": "DEB",
              "money_in": "2.50",
              "money_out": null,
              "balance": "139.87"
            },
            {
              "date": "05/04/2023",
              "description": "APPLAUD COFFEE IPSWICH IP1 GBR",
              "type": "DEB",
              "money_in": null,
              "money_out": "8.00",
              "balance": "137.37"
            },
            {
              "date": "05/04/2023", 
              "description": "Transfer to Pot",
              "type": "TFR",
              "money_in": null,
              "money_out": "0.71",
              "balance": "145.37"
            },
            {
              "date": "05/04/2023",
              "description": "trainline +443332022222 GBR",
              "type": "DEB", 
              "money_in": null,
              "money_out": "23.29",
              "balance": "146.08"
            },
            {
              "date": "05/04/2023",
              "description": "Transfer to Pot",
              "type": "TFR",
              "money_in": null,
              "money_out": "0.61",
              "balance": "169.37"
            },
            {
              "date": "05/04/2023",
              "description": "trainline +443332022222 GBR",
              "type": "DEB",
              "money_in": null,
              "money_out": "16.39",
              "balance": "169.98"
            },
            {
              "date": "31/03/2023",
              "description": "Transfer to Pot",
              "type": "TFR",
              "money_in": null,
              "money_out": "0.26",
              "balance": "186.37"
            },
            {
              "date": "31/03/2023",
              "description": "UBER* PENDING LONDON GBR",
              "type": "DEB",
              "money_in": null,
              "money_out": "4.74",
              "balance": "186.63"
            },
            {
              "date": "31/03/2023",
              "description": "Transfer to Pot",
              "type": "TFR",
              "money_in": null,
              "money_out": "0.46",
              "balance": "191.37"
            },
            {
              "date": "31/03/2023",
              "description": "UBR* PENDING.UBER.COM London GBR",
              "type": "DEB",
              "money_in": null,
              "money_out": "4.54",
              "balance": "191.83"
            },
            {
              "date": "30/03/2023",
              "description": "Transfer to Pot",
              "type": "TFR",
              "money_in": null,
              "money_out": "0.50",
              "balance": "196.37"
            },
            {
              "date": "30/03/2023",
              "description": "TFL TRAVEL CH VICTORIA STREET TFL.GOV.UK/CP SW1H 0TL GBR",
              "type": "DEB",
              "money_in": null,
              "money_out": "5.50",
              "balance": "196.87"
            },
            {
              "date": "29/03/2023",
              "description": "Transfer to Pot",
              "type": "TFR",
              "money_in": null,
              "money_out": "0.10",
              "balance": "202.37"
            },
            {
              "date": "29/03/2023",
              "description": "BOLT.EU/O/2303292010 London GBR",
              "type": "DEB",
              "money_in": null,
              "money_out": "5.90",
              "balance": "202.47"
            },
            {
              "date": "29/03/2023",
              "description": "Transfer to Pot",
              "type": "TFR",
              "money_in": null,
              "money_out": "0.05",
              "balance": "208.37"
            },
            {
              "date": "29/03/2023",
              "description": "ISLAND POKE LONDON EC2A GBR",
              "type": "DEB",
              "money_in": null,
              "money_out": "7.95",
              "balance": "208.42"
            },
            {
              "date": "28/03/2023",
              "description": "Transfer to Pot",
              "type": "TFR",
              "money_in": null,
              "money_out": "1300.00",
              "balance": "216.37"
            },
            {
              "date": "28/03/2023",
              "description": "HOLMES J",
              "type": "FPI",
              "money_in": "1500.00",
              "money_out": null,
              "balance": "1516.37"
            },
            {
              "date": "23/03/2023",
              "description": "TfL Travel Charge TFL.gov.uk/CP GBR",
              "type": "DEB",
              "money_in": null,
              "money_out": "5.50",
              "balance": "16.37"
            },
            {
              "date": "21/03/2023",
              "description": "TESCO BANK",
              "type": "FPO",
              "money_in": null,
              "money_out": "30.00",
              "balance": "21.87"
            }
          ]
        }
      ]
    },
    {
      "forms": [],
      "tables": [
        {
          "table_header": "Your Transactions",
          "data": [
            {
              "date": "21/03/2023",
              "description": "Transfer from Pot",
              "type": "TFR",
              "money_in": "30.00",
              "money_out": null,
              "balance": "51.87"
            },
            {
              "date": "21/03/2023",
              "description": "Transfer to Pot",
              "type": "TFR",
              "money_in": null,
              "money_out": "0.01",
              "balance": "21.87"
            },
            {
              "date": "21/03/2023",
              "description": "trainline +443332022222 GBR",
              "type": "DEB",
              "money_in": null,
              "money_out": "13.99",
              "balance": "21.88"
            },
            {
              "date": "13/03/2023",
              "description": "Transfer to Pot",
              "type": "TFR",
              "money_in": null,
              "money_out": "0.41",
              "balance": "35.87"
            },
            {
              "date": "13/03/2023",
              "description": "trainline +443332022222 GBR",
              "type": "DEB",
              "money_in": null,
              "money_out": "23.59",
              "balance": "36.28"
            },
            {
              "date": "13/03/2023",
              "description": "Transfer to Pot",
              "type": "TFR",
              "money_in": null,
              "money_out": "0.41",
              "balance": "59.87"
            },
            {
              "date": "13/03/2023",
              "description": "trainline +443332022222 GBR",
              "type": "DEB",
              "money_in": null,
              "money_out": "23.59",
              "balance": "60.28"
            },
            {
              "date": "12/03/2023",
              "description": "TESCO BANK",
              "type": "FPO",
              "money_in": null,
              "money_out": "39.73",
              "balance": "83.87"
            },
            {
              "date": "10/03/2023",
              "description": "Transfer to Pot",
              "type": "TFR",
              "money_in": null,
              "money_out": "0.50",
              "balance": "123.60"
            },
            {
              "date": "10/03/2023",
              "description": "TFL TRAVEL CH VICTORIA STREET TFL.GOV.UK/CP SW1H 0TL GBR",
              "type": "DEB",
              "money_in": null,
              "money_out": "6.50",
              "balance": "124.10"
            },
            {
              "date": "09/03/2023",
              "description": "Zettle_*SMALL SQUARE C London GBR",
              "type": "DEB",
              "money_in": null,
              "money_out": "7.00",
              "balance": "130.60"
            },
            {
              "date": "08/03/2023",
              "description": "TESCO PAY AT PUMP 3744 BRACKLEY GBR",
              "type": "DEB",
              "money_in": null,
              "money_out": "31.07",
              "balance": "137.60"
            },
            {
              "date": "08/03/2023",
              "description": "SUPERPEDESTRIAN +18447018163 GBR",
              "type": "DEB",
              "money_in": "1.90",
              "money_out": null,
              "balance": "168.67"
            },
            {
              "date": "08/03/2023",
              "description": "SUPERPEDESTRIAN +18447018163 GBR",
              "type": "DEB",
              "money_in": null,
              "money_out": "5.00",
              "balance": "166.77"
            },
            {
              "date": "08/03/2023",
              "description": "SUPERPEDESTRIAN +18447018163 GBR",
              "type": "DEB",
              "money_in": "3.30",
              "money_out": null,
              "balance": "171.77"
            },
            {
              "date": "08/03/2023",
              "description": "SUPERPEDESTRIAN +18447018163 GBR",
              "type": "DEB",
              "money_in": null,
              "money_out": "5.00",
              "balance": "168.47"
            },
            {
              "date": "07/03/2023",
              "description": "trainline +443332022222 GBR",
              "type": "DEB",
              "money_in": null,
              "money_out": "0.35",
              "balance": "173.47"
            },
            {
              "date": "07/03/2023",
              "description": "Transfer to Pot",
              "type": "TFR",
              "money_in": null,
              "money_out": "0.75",
              "balance": "173.82"
            },
            {
              "date": "07/03/2023",
              "description": "trainline +443332022222 GBR",
              "type": "DEB",
              "money_in": null,
              "money_out": "5.25",
              "balance": "174.57"
            },
            {
              "date": "06/03/2023",
              "description": "Transfer to Pot",
              "type": "TFR",
              "money_in": null,
              "money_out": "50.00",
              "balance": "179.82"
            },
            {
              "date": "06/03/2023",
              "description": "Transfer from Pot",
              "type": "TFR",
              "money_in": "50.00",
              "money_out": null,
              "balance": "229.82"
            },
            {
              "date": "06/03/2023",
              "description": "SUPERPEDESTRIAN +18447018163 GBR",
              "type": "DEB",
              "money_in": "2.50",
              "money_out": null,
              "balance": "179.82"
            },
            {
              "date": "06/03/2023",
              "description": "SUPERPEDESTRIAN +18447018163 GBR",
              "type": "DEB",
              "money_in": null,
              "money_out": "5.00",
              "balance": "177.32"
            },
            {
              "date": "05/03/2023",
              "description": "TESCO STORES 5628 NOTTINGHAM GBR",
              "type": "DEB",
              "money_in": null,
              "money_out": "6.00",
              "balance": "182.32"
            }
          ]
        }
      ]
    },
    {
      "forms": [],
      "tables": [
        {
          "table_header": "Your Transactions",
          "data": [
            {
              "date": "03/03/2023",
              "description": "SUPERPEDESTRIAN +18447018163 GBR",
              "type": "DEB",
              "money_in": "2.70",
              "money_out": null,
              "balance": "188.32"
            },
            {
              "date": "03/03/2023",
              "description": "SUPERPEDESTRIAN +18447018163 GBR",
              "type": "DEB",
              "money_in": null,
              "money_out": "5.00",
              "balance": "185.62"
            },
            {
              "date": "03/03/2023",
              "description": "SUPERPEDESTRIAN +18447018163 GBR",
              "type": "DEB",
              "money_in": "1.10",
              "money_out": null,
              "balance": "190.62"
            },
            {
              "date": "03/03/2023",
              "description": "SUPERPEDESTRIAN +18447018163 GBR",
              "type": "DEB",
              "money_in": null,
              "money_out": "5.00",
              "balance": "189.52"
            },
            {
              "date": "03/03/2023",
              "description": "COATES NOTTINGHAM GBR",
              "type": "DEB",
              "money_in": null,
              "money_out": "2.00",
              "balance": "194.52"
            },
            {
              "date": "03/03/2023",
              "description": "SUPERPEDESTRIAN +18447018163 GBR",
              "type": "DEB",
              "money_in": "3.10",
              "money_out": null,
              "balance": "196.52"
            },
            {
              "date": "03/03/2023",
              "description": "SUPERPEDESTRIAN +18447018163 GBR",
              "type": "DEB",
              "money_in": null,
              "money_out": "5.00",
              "balance": "193.42"
            },
            {
              "date": "02/03/2023",
              "description": "Transfer to Pot",
              "type": "TFR",
              "money_in": null,
              "money_out": "0.90",
              "balance": "198.42"
            },
            {
              "date": "02/03/2023",
              "description": "TfL Travel Charge TFL.gov.uk/CP GBR",
              "type": "DEB",
              "money_in": null,
              "money_out": "6.10",
              "balance": "199.32"
            }
          ]
        }
      ]
    }
  ]
}