{
  "metadata": {
    "document_id": "monzo_statement",
    "parsed_at": "2023-11-30",
    "number_of_pages": 5
  },
  "pages": [
    {
      "forms": [
        {
          "sort_code": "04-00-04"
        },
        {
          "account_number": "60397861"
        },
        {
          "customer_name": "Christopher Michael Little"
        },
        {
          "start_balance": "£133.42"
        },
        {
          "money_in": "£1,908.85"
        },
        {
          "money_out": "£1,786.58"
        },
        {
          "end_balance": "£1,030.16"
        }
      ],
      "tables": [
        {
          "table_header": "Your Transactions",
          "data": [
            {
              "date": "30/11/2023",
              "description": "Trainline +443332022222 GBR",
              "type": "DEB",
              "money_in": null,
              "money_out": "2.60",
              "balance": "1030.16"
            },
            {
              "date": "30/11/2023", 
              "description": "C LITTLE (Faster Payments) Reference: MONZO CASH",
              "type": "FPI",
              "money_in": "950.00",
              "money_out": null,
              "balance": "1032.76"
            },
            {
              "date": "29/11/2023",
              "description": "Zettle_*OXPRO LIMITED Oxford GBR",
              "type": "DEB", 
              "money_in": null,
              "money_out": "4.00",
              "balance": "82.76"
            },
            {
              "date": "29/11/2023",
              "description": "Trainline +443332022222 GBR",
              "type": "DEB",
              "money_in": null,
              "money_out": "2.60",
              "balance": "86.76"
            },
            {
              "date": "29/11/2023",
              "description": "DICE.FM +442080687457 GBR",
              "type": "DEB",
              "money_in": null,
              "money_out": "27.50",
              "balance": "89.36"
            },
            {
              "date": "28/11/2023",
              "description": "Trainline.com Ltd London GBR",
              "type": "DEB",
              "money_in": null,
              "money_out": "2.60",
              "balance": "116.86"
            },
            {
              "date": "28/11/2023",
              "description": "DAMIRA DENTAL STUDIO BICESTER OX26 GBR",
              "type": "DEB",
              "money_in": null,
              "money_out": "15.00",
              "balance": "119.46"
            },
            {
              "date": "27/11/2023",
              "description": "Amazon.co.uk AMAZON.CO.UK GBR",
              "type": "DEB",
              "money_in": null,
              "money_out": "15.99",
              "balance": "134.46"
            },
            {
              "date": "27/11/2023",
              "description": "ALDI STORES LIMITED BICESTER GBR",
              "type": "DEB",
              "money_in": null,
              "money_out": "34.97",
              "balance": "150.45"
            }
        ]
    }
  ]
},
{
  "forms": [],
  "tables": [
    {
      "table_header": "Your Transactions",
      "data": [
            {
              "date": "26/11/2023",
              "description": "ATGTICKETS.COM WOKING GBR",
              "type": "DEB",
              "money_in": null,
              "money_out": "56.95",
              "balance": "185.42"
            },
            {
              "date": "26/11/2023",
              "description": "C Little (Faster Payments) Reference: MONZO CASH",
              "type": "FPI",
              "money_in": "200.00",
              "money_out": null,
              "balance": "242.37"
            },
            {
              "date": "26/11/2023",
              "description": "TfL Travel Charge TFL.gov.uk/CP GBR",
              "type": "DEB",
              "money_in": null,
              "money_out": "8.10",
              "balance": "42.37"
            },
            {
              "date": "25/11/2023",
              "description": "M&S SIMPLY FOOD - SSP M/BONE STN GBR",
              "type": "DEB",
              "money_in": null,
              "money_out": "6.15",
              "balance": "50.47"
            },
            {
              "date": "25/11/2023",
              "description": "Builders Arms LONDON GBR",
              "type": "DEB",
              "money_in": null,
              "money_out": "20.45",
              "balance": "56.62"
            },
            {
              "date": "25/11/2023",
              "description": "Trainline +443332022222 GBR",
              "type": "DEB",
              "money_in": null,
              "money_out": "20.90",
              "balance": "77.07"
            },
            {
              "date": "23/11/2023",
              "description": "ALDI STORES LIMITED BICESTER GBR",
              "type": "DEB",
              "money_in": null,
              "money_out": "20.82",
              "balance": "97.97"
            },
            {
              "date": "23/11/2023",
              "description": "SAINSBURYS BICESTER GBR",
              "type": "DEB",
              "money_in": null,
              "money_out": "14.00",
              "balance": "118.79"
            },
            {
              "date": "20/11/2023",
              "description": "ALDI STORES LIMITED BICESTER GBR",
              "type": "DEB",
              "money_in": null,
              "money_out": "26.45",
              "balance": "132.79"
            },
            {
              "date": "19/11/2023",
              "description": "Prime Video TVOD 08444820123 GBR",
              "type": "DEB",
              "money_in": null,
              "money_out": "3.19",
              "balance": "159.24"
            },
            {
              "date": "19/11/2023",
              "description": "TFL TRAVEL CH\\VICTORIA STREET\\TFL.GOV.UK/CP\\SW1H 0TL GBR",
              "type": "DEB",
              "money_in": null,
              "money_out": "5.40",
              "balance": "162.43"
            },
            {
              "date": "19/11/2023",
              "description": "SAINSBURY S BANBURY BANBURY GBR",
              "type": "DEB",
              "money_in": "48.85",
              "money_out": null,
              "balance": "167.83"
            },
            {
              "date": "19/11/2023",
              "description": "SAINSBURY S BANBURY BANBURY GBR",
              "type": "DEB",
              "money_in": null,
              "money_out": "100.00",
              "balance": "118.98"
            },
            {
              "date": "19/11/2023",
              "description": "SAINSBURYS- BANBURY BANBURY GBR",
              "type": "DEB",
              "money_in": null,
              "money_out": "30.45",
              "balance": "218.98"
            },
            {
              "date": "19/11/2023",
              "description": "Transfer from Pot",
              "type": "TFR",
              "money_in": "200.00",
              "money_out": null,
              "balance": "249.43"
            },
            {
              "date": "19/11/2023",
              "description": "ALDI STORES LIMITED BICESTER GBR",
              "type": "DEB",
              "money_in": null,
              "money_out": "3.17",
              "balance": "49.43"
            },
            {
              "date": "19/11/2023",
              "description": "WESTGATE OXFORD CAR PA OXFORD GBR",
              "type": "DEB",
              "money_in": null,
              "money_out": "27.20",
              "balance": "52.60"
            },
            {
              "date": "18/11/2023",
              "description": "Prime Video TVOD 08444820123 GBR",
              "type": "DEB",
              "money_in": null,
              "money_out": "3.49",
              "balance": "79.80"
            },
            {
              "date": "18/11/2023",
              "description": "J. SAINSBURY OXFORD GBR",
              "type": "DEB",
              "money_in": null,
              "money_out": "18.65",
              "balance": "83.29"
            },
            {
              "date": "18/11/2023",
              "description": "UNIV OF OXFORD DONATIO OXFORD GBR",
              "type": "DEB",
              "money_in": null,
              "money_out": "5.00",
              "balance": "101.94"
            },
            {
              "date": "18/11/2023",
              "description": "ITSU 101 OXFORD OXFORD GBR",
              "type": "DEB",
              "money_in": null,
              "money_out": "16.48",
              "balance": "106.94"
            },
            {
              "date": "17/11/2023",
              "description": "Troxy London GBR",
              "type": "DEB",
              "money_in": null,
              "money_out": "10.00",
              "balance": "123.42"
            }
        ]
    }
  ]
},
{
  "forms": [],
  "tables": [
    {
      "table_header": "Your Transactions",
      "data": [
            {
              "date": "17/11/2023",
              "description": "CO-OP GROUP FOOD LONDON GBR",
              "type": "DEB",
              "money_in": null,
              "money_out": "1.10",
              "balance": "133.42"
            },
            {
              "date": "17/11/2023", 
              "description": "M&S SIMPLY FOOD - SSP M/BONE STN GBR",
              "type": "DEB",
              "money_in": null,
              "money_out": "8.15",
              "balance": "134.52"
            },
            {
              "date": "17/11/2023",
              "description": "Trainline.com Ltd London GBR",
              "type": "DEB",
              "money_in": null,
              "money_out": "20.90",
              "balance": "142.67"
            },
            {
              "date": "17/11/2023",
              "description": "Transfer from Pot",
              "type": "TFR",
              "money_in": "100.00",
              "money_out": null,
              "balance": "163.57"
            },
            {
              "date": "14/11/2023",
              "description": "ALDI STORES LIMITED BICESTER GBR",
              "type": "DEB",
              "money_in": null,
              "money_out": "30.68",
              "balance": "63.57"
            },
            {
              "date": "14/11/2023",
              "description": "Amazon.co.uk AMAZON.CO.UK GBR",
              "type": "DEB",
              "money_in": null,
              "money_out": "7.99",
              "balance": "94.25"
            },
            {
              "date": "13/11/2023",
              "description": "Trainline.com Ltd London GBR",
              "type": "DEB",
              "money_in": null,
              "money_out": "2.60",
              "balance": "102.24"
            },
            {
              "date": "13/11/2023",
              "description": "TFL TRAVEL CH VICTORIA STREET TFL.GOV.UK/CP SW1H 0TL GBR",
              "type": "DEB",
              "money_in": null,
              "money_out": "5.30",
              "balance": "104.84"
            },
            {
              "date": "12/11/2023",
              "description": "OXFORD BUS COMPANY COWLEY HOUSE, WATLIN OXFORD OX4 6GA GBR",
              "type": "DEB",
              "money_in": null,
              "money_out": "1.90",
              "balance": "110.14"
            },
            {
              "date": "12/11/2023",
              "description": "Transfer from Pot",
              "type": "TFR",
              "money_in": "100.00",
              "money_out": null,
              "balance": "112.04"
            },
            {
              "date": "12/11/2023",
              "description": "CO-OP GROUP FOOD LONDON GBR",
              "type": "DEB",
              "money_in": null,
              "money_out": "4.90",
              "balance": "12.04"
            },
            {
              "date": "12/11/2023",
              "description": "TESCO STORES 2097 LONDON GBR",
              "type": "DEB",
              "money_in": null,
              "money_out": "1.10",
              "balance": "16.94"
            },
            {
              "date": "12/11/2023",
              "description": "Ennismore Internationa London GBR",
              "type": "DEB",
              "money_in": null,
              "money_out": "39.38",
              "balance": "18.04"
            },
            {
              "date": "12/11/2023",
              "description": "TfL Travel Charge TFL.gov.uk/CP GBR",
              "type": "DEB",
              "money_in": null,
              "money_out": "0.10",
              "balance": "57.42"
            },
            {
              "date": "12/11/2023",
              "description": "Trainline.com Ltd London GBR",
              "type": "DEB",
              "money_in": null,
              "money_out": "20.90",
              "balance": "57.52"
            },
            {
              "date": "11/11/2023",
              "description": "OXFORD BUS COMPANY OXFORD GBR",
              "type": "DEB",
              "money_in": null,
              "money_out": "0.10",
              "balance": "78.42"
            },
            {
              "date": "11/11/2023",
              "description": "The Tasty Kitchen 2 South Ockendo GBR",
              "type": "DEB",
              "money_in": null,
              "money_out": "14.00",
              "balance": "78.52"
            },
            {
              "date": "11/11/2023",
              "description": "Amazon Prime amzn.co.uk/pm GBR",
              "type": "DEB",
              "money_in": null,
              "money_out": "8.99",
              "balance": "92.52"
            },
            {
              "date": "11/11/2023",
              "description": "Transfer from Pot",
              "type": "TFR",
              "money_in": "100.00",
              "money_out": null,
              "balance": "101.51"
            },
            {
              "date": "11/11/2023",
              "description": "Trainline.com Ltd London GBR",
              "type": "DEB",
              "money_in": null,
              "money_out": "2.60",
              "balance": "1.51"
            },
            {
              "date": "10/11/2023",
              "description": "Helosh Ltd Watford GBR",
              "type": "DEB",
              "money_in": null,
              "money_out": "14.50",
              "balance": "4.11"
            },
            {
              "date": "10/11/2023",
              "description": "ALDI STORES LIMITED BICESTER GBR",
              "type": "DEB",
              "money_in": null,
              "money_out": "29.42",
              "balance": "18.61"
            }
        ]
    }
  ]
},
{
  "forms": [],
  "tables": [
    {
      "table_header": "Your Transactions",
      "data": [
            {
              "date": "10/11/2023",
              "description": "EB *Abingdon Bonfire a LONDON GBR",
              "type": "DEB",
              "money_in": null,
              "money_out": "15.07",
              "balance": "48.03"
            },
            {
              "date": "10/11/2023",
              "description": "Transfer from Pot",
              "type": "TFR",
              "money_in": "45.00",
              "money_out": null,
              "balance": "63.10"
            },
            {
              "date": "10/11/2023",
              "description": "Transfer from Pot",
              "type": "TFR",
              "money_in": "5.00",
              "money_out": null,
              "balance": "18.10"
            },
            {
              "date": "09/11/2023",
              "description": "WHITE RABBIT IN MJBRE +441865921145 GBR",
              "type": "DEB",
              "money_in": null,
              "money_out": "40.75",
              "balance": "13.10"
            },
            {
              "date": "09/11/2023",
              "description": "Trainline.com Ltd London GBR",
              "type": "DEB",
              "money_in": null,
              "money_out": "2.60",
              "balance": "53.85"
            },
            {
              "date": "07/11/2023",
              "description": "ESSO BAYNARDS GN SSTN OXFORDSHIRE GBR",
              "type": "DEB",
              "money_in": null,
              "money_out": "58.86",
              "balance": "56.45"
            },
            {
              "date": "07/11/2023",
              "description": "Transfer from Pot",
              "type": "TFR",
              "money_in": "80.00",
              "money_out": null,
              "balance": "115.31"
            },
            {
              "date": "06/11/2023",
              "description": "ALDI STORES LIMITED BICESTER GBR",
              "type": "DEB",
              "money_in": null,
              "money_out": "6.47",
              "balance": "35.31"
            },
            {
              "date": "05/11/2023",
              "description": "WESTGATE OXFORD CAR PA OXFORD GBR",
              "type": "DEB",
              "money_in": null,
              "money_out": "3.80",
              "balance": "41.78"
            },
            {
              "date": "05/11/2023",
              "description": "SAINSBURYS BICESTER GBR",
              "type": "DEB",
              "money_in": null,
              "money_out": "10.00",
              "balance": "45.58"
            },
            {
              "date": "04/11/2023",
              "description": "ALDI STORES LIMITED BICESTER GBR",
              "type": "DEB",
              "money_in": null,
              "money_out": "29.34",
              "balance": "55.58"
            },
            {
              "date": "03/11/2023",
              "description": "AMZNMktplace amazon.co.uk GBR",
              "type": "DEB",
              "money_in": null,
              "money_out": "85.59",
              "balance": "84.92"
            },
            {
              "date": "03/11/2023",
              "description": "Transfer from Pot",
              "type": "TFR",
              "money_in": "50.00",
              "money_out": null,
              "balance": "170.51"
            },
            {
              "date": "03/11/2023",
              "description": "Transfer from Pot",
              "type": "TFR",
              "money_in": "30.00",
              "money_out": null,
              "balance": "120.51"
            },
            {
              "date": "02/11/2023",
              "description": "WESTGATE OXFORD CAR PA OXFORD GBR",
              "type": "DEB",
              "money_in": null,
              "money_out": "4.40",
              "balance": "90.51"
            },
            {
              "date": "02/11/2023",
              "description": "Zettle_*Oxford Univers Oxford GBR",
              "type": "DEB",
              "money_in": null,
              "money_out": "50.00",
              "balance": "94.91"
            },
            {
              "date": "02/11/2023",
              "description": "AMZNMktplace amazon.co.uk GBR",
              "type": "DEB",
              "money_in": null,
              "money_out": "38.99",
              "balance": "144.91"
            },
            {
              "date": "02/11/2023",
              "description": "EB *Unified Dating-Mee LONDON GBR",
              "type": "DEB",
              "money_in": null,
              "money_out": "13.99",
              "balance": "183.90"
            },
            {
              "date": "01/11/2023",
              "description": "Transfer to Pot",
              "type": "TFR",
              "money_in": null,
              "money_out": "200.00",
              "balance": "197.89"
            },
            {
              "date": "01/11/2023",
              "description": "Transfer to Pot",
              "type": "TFR",
              "money_in": null,
              "money_out": "50.00",
              "balance": "397.89"
            },
            {
              "date": "01/11/2023",
              "description": "Transfer to Pot",
              "type": "TFR",
              "money_in": null,
              "money_out": "80.00",
              "balance": "447.89"
            },
            {
              "date": "01/11/2023",
              "description": "Transfer to Pot",
              "type": "TFR",
              "money_in": null,
              "money_out": "100.00",
              "balance": "527.89"
            },
            {
              "date": "01/11/2023",
              "description": "Transfer to Pot",
              "type": "TFR",
              "money_in": null,
              "money_out": "30.00",
              "balance": "627.89"
            },
            {
              "date": "01/11/2023",
              "description": "Transfer to Pot",
              "type": "TFR",
              "money_in": null,
              "money_out": "250.00",
              "balance": "657.89"
            }
        ]
    }
  ]
},
{
      "forms": [],
      "tables": []
  }
]
}
