{
  "metadata": {
    "document_id": "halifax_april",
    "parsed_at": "2023-06-20",
    "number_of_pages": 2
  },
  "pages": [
    {
      "forms": [
        {
          "sort_code": "11-00-56"
        },
        {
          "account_number": "11980162"
        },
        {
          "customer_name": "Mr Jake Holmes"
        },
        {
          "start_balance": "£521.23"
        },
        {
          "money_in": "£761.80"
        },
        {
          "money_out": "£777.93"
        },
        {
          "end_balance": "£505.10"
        }
      ],
      "tables": [
        {
          "table_header": "Your Transactions",
          "data": [
            {
              "date": "03 Apr 23",
              "description": "UNIVERSITY OF NOTT",
              "type": "DD",
              "money_in": null,
              "money_out": "22.90",
              "balance": "498.33"
            },
            {
              "date": "06 Apr 23", 
              "description": "HIYACAR LTD",
              "type": "FPI",
              "money_in": "59.50",
              "money_out": null,
              "balance": "557.83"
            },
            {
              "date": "06 Apr 23",
              "description": "PAYPAL *FIVERR COM",
              "type": "DEB",
              "money_in": null,
              "money_out": "28.46",
              "balance": "529.37"
            },
            {
              "date": "11 Apr 23",
              "description": "PAYPAL *ALABIOPEYE",
              "type": "DEB", 
              "money_in": null,
              "money_out": "202.99",
              "balance": "326.38"
            },
            {
              "date": "11 Apr 23",
              "description": "HIYACAR LTD",
              "type": "FPI",
              "money_in": "51.30",
              "money_out": null,
              "balance": "377.68"
            },
            {
              "date": "11 Apr 23",
              "description": "HEROKU MAR-8020346",
              "type": "DEB",
              "money_in": null,
              "money_out": "21.06",
              "balance": "356.62"
            },
            {
              "date": "11 Apr 23",
              "description": "NON-GBP TRANS FEE",
              "type": "DEB",
              "money_in": null,
              "money_out": "0.62",
              "balance": "356.00"
            },
            {
              "date": "11 Apr 23",
              "description": "NON-GBP PURCH FEE",
              "type": "DEB",
              "money_in": null,
              "money_out": "0.50",
              "balance": "355.50"
            },
            {
              "date": "11 Apr 23",
              "description": "GOOGLE Domains",
              "type": "DEB",
              "money_in": null,
              "money_out": "4.14",
              "balance": "351.36"
            },
            {
              "date": "12 Apr 23",
              "description": "PAYPAL *ROOSTERSAI",
              "type": "DEB",
              "money_in": null,
              "money_out": "35.45",
              "balance": "315.91"
            },
            {
              "date": "12 Apr 23",
              "description": "DVLA VEHICLE TAX",
              "type": "DEB",
              "money_in": null,
              "money_out": "35.00",
              "balance": "280.91"
            },
            {
              "date": "12 Apr 23",
              "description": "AA B2B",
              "type": "DEB",
              "money_in": null,
              "money_out": "78.00",
              "balance": "202.91"
            },
            {
              "date": "12 Apr 23",
              "description": "AA B2B",
              "type": "DEB",
              "money_in": null,
              "money_out": "78.00",
              "balance": "124.91"
            },
            {
              "date": "12 Apr 23",
              "description": "AA B2B",
              "type": "DEB",
              "money_in": null,
              "money_out": "78.00",
              "balance": "46.91"
            },
            {
              "date": "13 Apr 23",
              "description": "HIYACAR LTD",
              "type": "FPI",
              "money_in": "30.40",
              "money_out": null,
              "balance": "77.31"
            },
            {
              "date": "14 Apr 23",
              "description": "HIYACAR LTD",
              "type": "FPI",
              "money_in": "92.80",
              "money_out": null,
              "balance": "170.11"
            }
          ]
        }
      ]
    },
    {
      "forms": [],
      "tables": [
        {
          "table_header": "Your Transactions",
          "data": [
            {
              "date": "14 Apr 23",
              "description": "HIYACAR LTD",
              "type": "FPI",
              "money_in": "79.50",
              "money_out": null,
              "balance": "249.61"
            },
            {
              "date": "17 Apr 23",
              "description": "GOOGLE Domains",
              "type": "DEB",
              "money_in": null,
              "money_out": "4.60",
              "balance": "245.01"
            },
            {
              "date": "18 Apr 23",
              "description": "GOOGLE Domains",
              "type": "DEB",
              "money_in": null,
              "money_out": "16.56",
              "balance": "228.45"
            },
            {
              "date": "19 Apr 23",
              "description": "HIYACAR LTD",
              "type": "FPI",
              "money_in": "162.10",
              "money_out": null,
              "balance": "390.55"
            },
            {
              "date": "20 Apr 23",
              "description": "HIYACAR LTD",
              "type": "FPI",
              "money_in": "62.00",
              "money_out": null,
              "balance": "452.55"
            },
            {
              "date": "20 Apr 23",
              "description": "HIYACAR LTD",
              "type": "FPI",
              "money_in": "38.10",
              "money_out": null,
              "balance": "490.65"
            },
            {
              "date": "25 Apr 23",
              "description": "FORGN PYT270511457",
              "type": "TFR",
              "money_in": null,
              "money_out": "171.65",
              "balance": "319.00"
            },
            {
              "date": "27 Apr 23",
              "description": "HIYACAR LTD",
              "type": "FPI",
              "money_in": "58.00",
              "money_out": null,
              "balance": "377.00"
            },
            {
              "date": "27 Apr 23",
              "description": "HIYACAR LTD",
              "type": "FPI",
              "money_in": "128.10",
              "money_out": null,
              "balance": "505.10"
            }
          ]
        }
      ]
    }
  ]
}