{
  "metadata": {
    "document_id": "halifax_march",
    "parsed_at": "2023-06-20",
    "number_of_pages": 2
  },
  "pages": [
    {
      "forms": [
        {
          "sort_code": "11-00-56"
        },
        {
          "account_number": "11980162"
        },
        {
          "customer_name": "Mr Jake Holmes"
        },
        {
          "start_balance": "£410.22"
        },
        {
          "money_in": "£611.98"
        },
        {
          "money_out": "£523.87"
        },
        {
          "end_balance": "£521.23"
        }
      ],
      "tables": [
        {
          "table_header": "Your Transactions",
          "data": [
            {
              "date": "01 Mar 23",
              "description": "UNIVERSITY OF NOTT",
              "type": "DD",
              "money_in": null,
              "money_out": "22.90",
              "balance": "410.22"
            },
            {
              "date": "01 Mar 23",
              "description": "FORGN PYT266644037",
              "type": "TFR",
              "money_in": null,
              "money_out": "87.27",
              "balance": "322.95"
            },
            {
              "date": "01 Mar 23",
              "description": "GOOGLE Domains",
              "type": "DEB",
              "money_in": null,
              "money_out": "8.28",
              "balance": "314.67"
            },
            {
              "date": "02 Mar 23",
              "description": "HIYACAR LTD",
              "type": "FPI",
              "money_in": "48.00",
              "money_out": null,
              "balance": "362.67"
            },
            {
              "date": "02 Mar 23",
              "description": "HIYACAR LTD",
              "type": "FPI",
              "money_in": "152.80",
              "money_out": null,
              "balance": "515.47"
            },
            {
              "date": "09 Mar 23",
              "description": "HIYACAR LTD",
              "type": "FPI",
              "money_in": "81.59",
              "money_out": null,
              "balance": "597.06"
            },
            {
              "date": "09 Mar 23",
              "description": "HIYACAR LTD",
              "type": "FPI",
              "money_in": "46.40",
              "money_out": null,
              "balance": "643.46"
            },
            {
              "date": "10 Mar 23",
              "description": "HEROKU FEB-7910926",
              "type": "DEB",
              "money_in": null,
              "money_out": "21.99",
              "balance": "621.47"
            },
            {
              "date": "10 Mar 23",
              "description": "NON-GBP TRANS FEE",
              "type": "DEB",
              "money_in": null,
              "money_out": "0.65",
              "balance": "620.82"
            },
            {
              "date": "10 Mar 23",
              "description": "NON-GBP PURCH FEE",
              "type": "DEB",
              "money_in": null,
              "money_out": "0.50",
              "balance": "620.32"
            },
            {
              "date": "13 Mar 23",
              "description": "GOOGLE Domains",
              "type": "DEB",
              "money_in": null,
              "money_out": "4.14",
              "balance": "616.18"
            },
            {
              "date": "14 Mar 23",
              "description": "GOOGLE Domains",
              "type": "DEB",
              "money_in": null,
              "money_out": "4.60",
              "balance": "611.58"
            },
            {
              "date": "16 Mar 23",
              "description": "HIYACAR LTD",
              "type": "FPI",
              "money_in": "68.80",
              "money_out": null,
              "balance": "680.38"
            },
            {
              "date": "16 Mar 23",
              "description": "HIYACAR LTD",
              "type": "FPI",
              "money_in": "25.60",
              "money_out": null,
              "balance": "705.98"
            },
            {
              "date": "20 Mar 23",
              "description": "GOOGLE Domains",
              "type": "DEB",
              "money_in": null,
              "money_out": "16.56",
              "balance": "689.42"
            },
            {
              "date": "21 Mar 23",
              "description": "TESCO BANK",
              "type": "FPO",
              "money_in": null,
              "money_out": "68.70",
              "balance": "620.72"
            }
          ]
        }
      ]
    },
    {
      "forms": [],
      "tables": [
        {
          "table_header": "Your Transactions",
          "data": [
            {
              "date": "23 Mar 23",
              "description": "HIYACAR LTD",
              "type": "FPI",
              "money_in": "69.59",
              "money_out": null,
              "balance": "690.31"
            },
            {
              "date": "23 Mar 23",
              "description": "HIYACAR LTD",
              "type": "FPI",
              "money_in": "48.00",
              "money_out": null,
              "balance": "738.31"
            },
            {
              "date": "23 Mar 23",
              "description": "RAJ",
              "type": "FPO",
              "money_in": null,
              "money_out": "200.00",
              "balance": "538.31"
            },
            {
              "date": "29 Mar 23",
              "description": "GOOGLE Domains",
              "type": "DEB",
              "money_in": null,
              "money_out": "8.28",
              "balance": "530.03"
            },
            {
              "date": "29 Mar 23",
              "description": "SAMMY MALOUMI",
              "type": "FPO",
              "money_in": null,
              "money_out": "70.00",
              "balance": "460.03"
            },
            {
              "date": "30 Mar 23",
              "description": "HIYACAR LTD",
              "type": "FPI",
              "money_in": "23.20",
              "money_out": null,
              "balance": "483.23"
            },
            {
              "date": "30 Mar 23",
              "description": "HIYACAR LTD",
              "type": "FPI",
              "money_in": "48.00",
              "money_out": null,
              "balance": "531.23"
            },
            {
              "date": "31 Mar 23",
              "description": "GOOGLE Domains",
              "type": "DEB",
              "money_in": null,
              "money_out": "10.00",
              "balance": "521.23"
            }
          ]
        }
      ]
    }
  ]
}