{
  "metadata": {
    "document_id": "halifax_may",
    "parsed_at": "2023-06-20",
    "number_of_pages": 2
  },
  "pages": [
    {
      "forms": [
        {
          "sort_code": "11-00-56"
        },
        {
          "account_number": "11980162"
        },
        {
          "customer_name": "Mr Jake Holmes"
        },
        {
          "start_balance": "£505.10"
        },
        {
          "money_in": "£690.20"
        },
        {
          "money_out": "£650.11"
        },
        {
          "end_balance": "£545.19"
        }
      ],
      "tables": [
        {
          "table_header": "Your Transactions",
          "data": [
            {
              "date": "02 May 23",
              "description": "GOOGLE Domains",
              "type": "DEB",
              "money_in": null,
              "money_out": "8.28",
              "balance": "496.82"
            },
            {
              "date": "02 May 23",
              "description": "UNIVERSITY OF NOTT",
              "type": "DD",
              "money_in": null,
              "money_out": "22.90",
              "balance": "473.92"
            },
            {
              "date": "04 May 23",
              "description": "HIYACAR-CHARGE.COM",
              "type": "DEB",
              "money_in": null,
              "money_out": "84.99",
              "balance": "388.93"
            },
            {
              "date": "05 May 23",
              "description": "HIYACAR LTD",
              "type": "FPI",
              "money_in": "29.00",
              "money_out": null,
              "balance": "417.93"
            },
            {
              "date": "11 May 23",
              "description": "HIYACAR LTD",
              "type": "FPI",
              "money_in": "165.50",
              "money_out": null,
              "balance": "583.43"
            },
            {
              "date": "11 May 23",
              "description": "GOOGLE Domains",
              "type": "DEB",
              "money_in": null,
              "money_out": "4.14",
              "balance": "579.29"
            },
            {
              "date": "12 May 23",
              "description": "HEROKU APR-8131529",
              "type": "DEB",
              "money_in": null,
              "money_out": "11.57",
              "balance": "567.72"
            },
            {
              "date": "12 May 23",
              "description": "NON-GBP TRANS FEE",
              "type": "DEB",
              "money_in": null,
              "money_out": "0.34",
              "balance": "567.38"
            },
            {
              "date": "12 May 23",
              "description": "NON-GBP PURCH FEE",
              "type": "DEB",
              "money_in": null,
              "money_out": "0.50",
              "balance": "566.88"
            },
            {
              "date": "15 May 23",
              "description": "HIYACAR LTD",
              "type": "FPI",
              "money_in": "167.30",
              "money_out": null,
              "balance": "734.18"
            },
            {
              "date": "15 May 23",
              "description": "AA SEC 1",
              "type": "FPI",
              "money_in": "156.00",
              "money_out": null,
              "balance": "890.18"
            },
            {
              "date": "15 May 23",
              "description": "GOOGLE Domains",
              "type": "DEB",
              "money_in": null,
              "money_out": "4.60",
              "balance": "885.58"
            },
            {
              "date": "16 May 23",
              "description": "HIYACAR LTD",
              "type": "FPI",
              "money_in": "172.40",
              "money_out": null,
              "balance": "1057.98"
            },
            {
              "date": "19 May 23",
              "description": "TESCO BANK",
              "type": "FPO",
              "money_in": null,
              "money_out": "252.74",
              "balance": "805.24"
            },
            {
              "date": "19 May 23",
              "description": "GOOGLE Domains",
              "type": "DEB",
              "money_in": null,
              "money_out": "26.56",
              "balance": "778.68"
            },
            {
              "date": "22 May 23",
              "description": "TESCO BANK",
              "type": "FPO",
              "money_in": null,
              "money_out": "224.29",
              "balance": "554.39"
            }
          ]
        }
      ]
    },
    {
      "forms": [],
      "tables": [
        {
          "table_header": "Your Transactions",
          "data": [
            {
              "date": "30 May 23",
              "description": "GOOGLE *Domains",
              "type": "DEB",
              "money_in": null,
              "money_out": "9.20",
              "balance": "545.19"
            }
          ]
        }
      ]
    }
  ]
}